table,date_range,week_number,week_start_date,day_number,calendar_date,cohort_day,cohort_start_date,new_users,returning_users,total_users,day_1_retention_rate,day_7_retention_rate,day_30_retention_rate,day_1_avg_engagement_sec,day_7_avg_engagement_sec,day_30_avg_engagement_sec,retention_rate,retention_pct,avg_engagement_time_sec,avg_120d_ltv,day_over_day_lift,returning_pct
weekly_users,"Jan 1 – Dec 31, 2025",0,2025-01-01,,,,,2,37,39,,,,,,,,,,,,0.9487179487179487
weekly_users,"Jan 1 – Dec 31, 2025",1,2025-01-08,,,,,17,70,87,,,,,,,,,,,,0.8045977011494253
weekly_users,"Jan 1 – Dec 31, 2025",2,2025-01-15,,,,,33,78,111,,,,,,,,,,,,0.7027027027027027
weekly_users,"Jan 1 – Dec 31, 2025",3,2025-01-22,,,,,42,85,127,,,,,,,,,,,,0.6692913385826772
weekly_users,"Jan 1 – Dec 31, 2025",4,2025-01-29,,,,,41,82,123,,,,,,,,,,,,0.6666666666666666
weekly_users,"Jan 1 – Dec 31, 2025",5,2025-02-05,,,,,35,96,131,,,,,,,,,,,,0.732824427480916
weekly_users,"Jan 1 – Dec 31, 2025",6,2025-02-12,,,,,46,99,145,,,,,,,,,,,,0.6827586206896552
weekly_users,"Jan 1 – Dec 31, 2025",7,2025-02-19,,,,,39,107,146,,,,,,,,,,,,0.7328767123287672
weekly_users,"Jan 1 – Dec 31, 2025",8,2025-02-26,,,,,28,101,129,,,,,,,,,,,,0.7829457364341085
weekly_users,"Jan 1 – Dec 31, 2025",9,2025-03-05,,,,,25,84,109,,,,,,,,,,,,0.7706422018348624
weekly_users,"Jan 1 – Dec 31, 2025",10,2025-03-12,,,,,29,96,125,,,,,,,,,,,,0.768
weekly_users,"Jan 1 – Dec 31, 2025",11,2025-03-19,,,,,38,104,142,,,,,,,,,,,,0.7323943661971831
weekly_users,"Jan 1 – Dec 31, 2025",12,2025-03-26,,,,,34,95,129,,,,,,,,,,,,0.7364341085271318
weekly_users,"Jan 1 – Dec 31, 2025",13,2025-04-02,,,,,43,112,155,,,,,,,,,,,,0.7225806451612903
weekly_users,"Jan 1 – Dec 31, 2025",14,2025-04-09,,,,,32,92,124,,,,,,,,,,,,0.7419354838709677
weekly_users,"Jan 1 – Dec 31, 2025",15,2025-04-16,,,,,33,103,136,,,,,,,,,,,,0.7573529411764706
weekly_users,"Jan 1 – Dec 31, 2025",16,2025-04-23,,,,,33,92,125,,,,,,,,,,,,0.736
weekly_users,"Jan 1 – Dec 31, 2025",17,2025-04-30,,,,,18,83,101,,,,,,,,,,,,0.8217821782178217
weekly_users,"Jan 1 – Dec 31, 2025",18,2025-05-07,,,,,21,75,96,,,,,,,,,,,,0.78125
weekly_users,"Jan 1 – Dec 31, 2025",19,2025-05-14,,,,,23,83,106,,,,,,,,,,,,0.7830188679245284
weekly_users,"Jan 1 – Dec 31, 2025",20,2025-05-21,,,,,31,78,109,,,,,,,,,,,,0.7155963302752294
weekly_users,"Jan 1 – Dec 31, 2025",21,2025-05-28,,,,,26,93,119,,,,,,,,,,,,0.7815126050420168
weekly_users,"Jan 1 – Dec 31, 2025",22,2025-06-04,,,,,24,83,107,,,,,,,,,,,,0.7757009345794392
weekly_users,"Jan 1 – Dec 31, 2025",23,2025-06-11,,,,,21,90,111,,,,,,,,,,,,0.8108108108108109
weekly_users,"Jan 1 – Dec 31, 2025",24,2025-06-18,,,,,19,88,107,,,,,,,,,,,,0.822429906542056
weekly_users,"Jan 1 – Dec 31, 2025",25,2025-06-25,,,,,20,71,91,,,,,,,,,,,,0.7802197802197802
weekly_users,"Jan 1 – Dec 31, 2025",26,2025-07-02,,,,,16,71,87,,,,,,,,,,,,0.8160919540229885
weekly_users,"Jan 1 – Dec 31, 2025",27,2025-07-09,,,,,24,82,106,,,,,,,,,,,,0.7735849056603774
weekly_users,"Jan 1 – Dec 31, 2025",28,2025-07-16,,,,,19,67,86,,,,,,,,,,,,0.7790697674418605
weekly_users,"Jan 1 – Dec 31, 2025",29,2025-07-23,,,,,20,71,91,,,,,,,,,,,,0.7802197802197802
weekly_users,"Jan 1 – Dec 31, 2025",30,2025-07-30,,,,,22,69,91,,,,,,,,,,,,0.7582417582417582
weekly_users,"Jan 1 – Dec 31, 2025",31,2025-08-06,,,,,18,62,80,,,,,,,,,,,,0.775
weekly_users,"Jan 1 – Dec 31, 2025",32,2025-08-13,,,,,13,56,69,,,,,,,,,,,,0.8115942028985508
weekly_users,"Jan 1 – Dec 31, 2025",33,2025-08-20,,,,,24,70,94,,,,,,,,,,,,0.7446808510638298
weekly_users,"Jan 1 – Dec 31, 2025",34,2025-08-27,,,,,19,56,75,,,,,,,,,,,,0.7466666666666667
weekly_users,"Jan 1 – Dec 31, 2025",35,2025-09-03,,,,,25,58,83,,,,,,,,,,,,0.6987951807228916
weekly_users,"Jan 1 – Dec 31, 2025",36,2025-09-10,,,,,16,64,80,,,,,,,,,,,,0.8
weekly_users,"Jan 1 – Dec 31, 2025",37,2025-09-17,,,,,28,70,98,,,,,,,,,,,,0.7142857142857143
weekly_users,"Jan 1 – Dec 31, 2025",38,2025-09-24,,,,,22,68,90,,,,,,,,,,,,0.7555555555555555
weekly_users,"Jan 1 – Dec 31, 2025",39,2025-10-01,,,,,20,61,81,,,,,,,,,,,,0.7530864197530864
weekly_users,"Jan 1 – Dec 31, 2025",40,2025-10-08,,,,,27,59,86,,,,,,,,,,,,0.686046511627907
weekly_users,"Jan 1 – Dec 31, 2025",41,2025-10-15,,,,,16,70,86,,,,,,,,,,,,0.813953488372093
weekly_users,"Jan 1 – Dec 31, 2025",42,2025-10-22,,,,,20,62,82,,,,,,,,,,,,0.7560975609756098
weekly_users,"Jan 1 – Dec 31, 2025",43,2025-10-29,,,,,14,48,62,,,,,,,,,,,,0.7741935483870968
weekly_users,"Jan 1 – Dec 31, 2025",44,2025-11-05,,,,,9,63,72,,,,,,,,,,,,0.875
weekly_users,"Jan 1 – Dec 31, 2025",45,2025-11-12,,,,,17,62,79,,,,,,,,,,,,0.7848101265822784
weekly_users,"Jan 1 – Dec 31, 2025",46,2025-11-19,,,,,23,58,81,,,,,,,,,,,,0.7160493827160493
weekly_users,"Jan 1 – Dec 31, 2025",47,2025-11-26,,,,,19,54,73,,,,,,,,,,,,0.7397260273972602
weekly_users,"Jan 1 – Dec 31, 2025",48,2025-12-03,,,,,17,50,67,,,,,,,,,,,,0.746268656716418
weekly_users,"Jan 1 – Dec 31, 2025",49,2025-12-10,,,,,22,57,79,,,,,,,,,,,,0.7215189873417721
weekly_users,"Jan 1 – Dec 31, 2025",50,2025-12-17,,,,,12,54,66,,,,,,,,,,,,0.8181818181818182
weekly_users,"Jan 1 – Dec 31, 2025",51,2025-12-24,,,,,19,60,79,,,,,,,,,,,,0.759493670886076
weekly_users,"Jan 1 – Dec 31, 2025",52,2025-12-31,,,,,17,40,57,,,,,,,,,,,,0.7017543859649122
cohort_day1_7_30_retention_rate,"Jan 1 – Dec 31, 2025",,,,,0,,,,,,,,,,,,,,,,
cohort_day1_7_30_retention_rate,"Jan 1 – Dec 31, 2025",,,,,1,,,,,,,,,,,,,,,,
cohort_day1_7_30_retention_rate,"Jan 1 – Dec 31, 2025",,,,,2,,,,,,,,,,,,,,,,
cohort_day1_7_30_retention_rate,"Jan 1 – Dec 31, 2025",,,,,3,,,,,,,,,,,,,,,,
cohort_day1_7_30_retention_rate,"Jan 1 – Dec 31, 2025",,,,,4,,,,,,,,,,,,,,,,
cohort_day1_7_30_retention_rate,"Jan 1 – Dec 31, 2025",,,,,5,,,,,1.0,,,,,,,,,,,
cohort_day1_7_30_retention_rate,"Jan 1 – Dec 31, 2025",,,,,6,,,,,,,,,,,,,,,,
cohort_day1_7_30_retention_rate,"Jan 1 – Dec 31, 2025",,,,,7,,,,,,,,,,,,,,,,
cohort_day1_7_30_retention_rate,"Jan 1 – Dec 31, 2025",,,,,8,,,,,,,,,,,,,,,,
cohort_day1_7_30_retention_rate,"Jan 1 – Dec 31, 2025",,,,,9,,,,,0.5,,,,,,,,,,,
cohort_day1_7_30_retention_rate,"Jan 1 – Dec 31, 2025",,,,,10,,,,,0.5,0.125,,,,,,,,,,
cohort_day1_7_30_retention_rate,"Jan 1 – Dec 31, 2025",,,,,11,,,,,0.111111,0.111111,,,,,,,,,,
cohort_day1_7_30_retention_rate,"Jan 1 – Dec 31, 2025",,,,,12,,,,,0.5,0.25,,,,,,,,,,
cohort_day1_7_30_retention_rate,"Jan 1 – Dec 31, 2025",,,,,13,,,,,0.5,0.5,,,,,,,,,,
cohort_day1_7_30_retention_rate,"Jan 1 – Dec 31, 2025",,,,,14,,,,,0.25,,,,,,,,,,,
cohort_day1_7_30_retention_rate,"Jan 1 – Dec 31, 2025",,,,,15,,,,,,,,,,,,,,,,
cohort_day1_7_30_retention_rate,"Jan 1 – Dec 31, 2025",,,,,16,,,,,,0.2,,,,,,,,,,
cohort_day1_7_30_retention_rate,"Jan 1 – Dec 31, 2025",,,,,17,,,,,0.142857,,,,,,,,,,,
cohort_day1_7_30_retention_rate,"Jan 1 – Dec 31, 2025",,,,,18,,,,,0.2,0.1,,,,,,,,,,
cohort_day1_7_30_retention_rate,"Jan 1 – Dec 31, 2025",,,,,19,,,,,0.2,,,,,,,,,,,
cohort_day1_7_30_retention_rate,"Jan 1 – Dec 31, 2025",,,,,20,,,,,0.25,0.25,,,,,,,,,,
cohort_day1_7_30_retention_rate,"Jan 1 – Dec 31, 2025",,,,,21,,,,,0.25,0.25,,,,,,,,,,
cohort_day1_7_30_retention_rate,"Jan 1 – Dec 31, 2025",,,,,22,,,,,0.25,0.25,,,,,,,,,,
cohort_day1_7_30_retention_rate,"Jan 1 – Dec 31, 2025",,,,,23,,,,,0.142857,0.142857,,,,,,,,,,
cohort_day1_7_30_retention_rate,"Jan 1 – Dec 31, 2025",,,,,24,,,,,0.666667,0.5,,,,,,,,,,
cohort_day1_7_30_retention_rate,"Jan 1 – Dec 31, 2025",,,,,25,,,,,0.5,0.333333,,,,,,,,,,
cohort_day1_7_30_retention_rate,"Jan 1 – Dec 31, 2025",,,,,26,,,,,,,,,,,,,,,,
cohort_day1_7_30_retention_rate,"Jan 1 – Dec 31, 2025",,,,,27,,,,,0.333333,0.166667,,,,,,,,,,
cohort_day1_7_30_retention_rate,"Jan 1 – Dec 31, 2025",,,,,28,,,,,,,,,,,,,,,,
cohort_day1_7_30_retention_rate,"Jan 1 – Dec 31, 2025",,,,,29,,,,,0.333333,0.333333,,,,,,,,,,
cohort_day1_7_30_retention_rate,"Jan 1 – Dec 31, 2025",,,,,30,,,,,0.333333,0.166667,,,,,,,,,,
cohort_day1_7_30_retention_rate,"Jan 1 – Dec 31, 2025",,,,,31,,,,,0.2,,,,,,,,,,,
cohort_day1_7_30_retention_rate,"Jan 1 – Dec 31, 2025",,,,,32,,,,,,,,,,,,,,,,
cohort_day1_7_30_retention_rate,"Jan 1 – Dec 31, 2025",,,,,33,,,,,0.25,,,,,,,,,,,
cohort_day1_7_30_retention_rate,"Jan 1 – Dec 31, 2025",,,,,34,,,,,0.4,0.2,,,,,,,,,,
cohort_day1_7_30_retention_rate,"Jan 1 – Dec 31, 2025",,,,,35,,,,,,,,,,,,,,,,
cohort_day1_7_30_retention_rate,"Jan 1 – Dec 31, 2025",,,,,36,,,,,0.166667,,,,,,,,,,,
cohort_day1_7_30_retention_rate,"Jan 1 – Dec 31, 2025",,,,,37,,,,,0.25,,,,,,,,,,,
cohort_day1_7_30_retention_rate,"Jan 1 – Dec 31, 2025",,,,,38,,,,,0.142857,0.142857,,,,,,,,,,
cohort_day1_7_30_retention_rate,"Jan 1 – Dec 31, 2025",,,,,39,,,,,0.1,,,,,,,,,,,
cohort_day1_7_30_retention_rate,"Jan 1 – Dec 31, 2025",,,,,40,,,,,0.333333,0.333333,,,,,,,,,,
cohort_day1_7_30_retention_rate,"Jan 1 – Dec 31, 2025",,,,,41,,,,,,,,,,,,,,,,
cohort_day1_7_30_retention_rate,"Jan 1 – Dec 31, 2025",,,,,42,,,,,0.166667,0.166667,0.166667,,,,,,,,,
cohort_day1_7_30_retention_rate,"Jan 1 – Dec 31, 2025",,,,,43,,,,,,,,,,,,,,,,
cohort_day1_7_30_retention_rate,"Jan 1 – Dec 31, 2025",,,,,44,,,,,0.2,,,,,,,,,,,
cohort_day1_7_30_retention_rate,"Jan 1 – Dec 31, 2025",,,,,45,,,,,0.5,0.5,,,,,,,,,,
cohort_day1_7_30_retention_rate,"Jan 1 – Dec 31, 2025",,,,,46,,,,,,0.142857,,,,,,,,,,
cohort_day1_7_30_retention_rate,"Jan 1 – Dec 31, 2025",,,,,47,,,,,0.166667,0.166667,,,,,,,,,,
cohort_day1_7_30_retention_rate,"Jan 1 – Dec 31, 2025",,,,,48,,,,,0.2,,,,,,,,,,,
cohort_day1_7_30_retention_rate,"Jan 1 – Dec 31, 2025",,,,,49,,,,,,,,,,,,,,,,
cohort_day1_7_30_retention_rate,"Jan 1 – Dec 31, 2025",,,,,50,,,,,0.666667,0.333333,,,,,,,,,,
cohort_day1_7_30_retention_rate,"Jan 1 – Dec 31, 2025",,,,,51,,,,,0.2,,,,,,,,,,,
cohort_day1_7_30_retention_rate,"Jan 1 – Dec 31, 2025",,,,,52,,,,,0.25,,,,,,,,,,,
cohort_day1_7_30_retention_rate,"Jan 1 – Dec 31, 2025",,,,,53,,,,,0.2,,0.1,,,,,,,,,
cohort_day1_7_30_retention_rate,"Jan 1 – Dec 31, 2025",,,,,54,,,,,,,,,,,,,,,,
cohort_day1_7_30_retention_rate,"Jan 1 – Dec 31, 2025",,,,,55,,,,,0.25,,,,,,,,,,,
cohort_day1_7_30_retention_rate,"Jan 1 – Dec 31, 2025",,,,,56,,,,,1.0,,,,,,,,,,,
cohort_day1_7_30_retention_rate,"Jan 1 – Dec 31, 2025",,,,,57,,,,,,,,,,,,,,,,
cohort_day1_7_30_retention_rate,"Jan 1 – Dec 31, 2025",,,,,58,,,,,,,,,,,,,,,,
cohort_day1_7_30_retention_rate,"Jan 1 – Dec 31, 2025",,,,,59,,,,,,,,,,,,,,,,
cohort_day1_7_30_retention_rate,"Jan 1 – Dec 31, 2025",,,,,60,,,,,0.2,,,,,,,,,,,
cohort_day1_7_30_retention_rate,"Jan 1 – Dec 31, 2025",,,,,61,,,,,,,,,,,,,,,,
cohort_day1_7_30_retention_rate,"Jan 1 – Dec 31, 2025",,,,,62,,,,,,,,,,,,,,,,
cohort_day1_7_30_retention_rate,"Jan 1 – Dec 31, 2025",,,,,63,,,,,,,,,,,,,,,,
cohort_day1_7_30_retention_rate,"Jan 1 – Dec 31, 2025",,,,,64,,,,,0.5,,,,,,,,,,,
cohort_day1_7_30_retention_rate,"Jan 1 – Dec 31, 2025",,,,,65,,,,,,,,,,,,,,,,
cohort_day1_7_30_retention_rate,"Jan 1 – Dec 31, 2025",,,,,66,,,,,0.4,0.4,,,,,,,,,,
cohort_day1_7_30_retention_rate,"Jan 1 – Dec 31, 2025",,,,,67,,,,,0.25,,,,,,,,,,,
cohort_day1_7_30_retention_rate,"Jan 1 – Dec 31, 2025",,,,,68,,,,,0.25,0.25,0.25,,,,,,,,,
cohort_day1_7_30_retention_rate,"Jan 1 – Dec 31, 2025",,,,,69,,,,,,,,,,,,,,,,
cohort_day1_7_30_retention_rate,"Jan 1 – Dec 31, 2025",,,,,70,,,,,,,,,,,,,,,,
cohort_day1_7_30_retention_rate,"Jan 1 – Dec 31, 2025",,,,,71,,,,,,,,,,,,,,,,
cohort_day1_7_30_retention_rate,"Jan 1 – Dec 31, 2025",,,,,72,,,,,,,,,,,,,,,,
cohort_day1_7_30_retention_rate,"Jan 1 – Dec 31, 2025",,,,,73,,,,,,,,,,,,,,,,
cohort_day1_7_30_retention_rate,"Jan 1 – Dec 31, 2025",,,,,74,,,,,0.222222,,,,,,,,,,,
cohort_day1_7_30_retention_rate,"Jan 1 – Dec 31, 2025",,,,,75,,,,,0.333333,,,,,,,,,,,
cohort_day1_7_30_retention_rate,"Jan 1 – Dec 31, 2025",,,,,76,,,,,0.2,0.2,0.2,,,,,,,,,
cohort_day1_7_30_retention_rate,"Jan 1 – Dec 31, 2025",,,,,77,,,,,,,,,,,,,,,,
cohort_day1_7_30_retention_rate,"Jan 1 – Dec 31, 2025",,,,,78,,,,,0.125,,,,,,,,,,,
cohort_day1_7_30_retention_rate,"Jan 1 – Dec 31, 2025",,,,,79,,,,,0.2,,,,,,,,,,,
cohort_day1_7_30_retention_rate,"Jan 1 – Dec 31, 2025",,,,,80,,,,,0.25,0.25,,,,,,,,,,
cohort_day1_7_30_retention_rate,"Jan 1 – Dec 31, 2025",,,,,81,,,,,0.4,0.2,,,,,,,,,,
cohort_day1_7_30_retention_rate,"Jan 1 – Dec 31, 2025",,,,,82,,,,,0.5,,,,,,,,,,,
cohort_day1_7_30_retention_rate,"Jan 1 – Dec 31, 2025",,,,,83,,,,,0.142857,,,,,,,,,,,
cohort_day1_7_30_retention_rate,"Jan 1 – Dec 31, 2025",,,,,84,,,,,0.2,,,,,,,,,,,
cohort_day1_7_30_retention_rate,"Jan 1 – Dec 31, 2025",,,,,85,,,,,0.25,,,,,,,,,,,
cohort_day1_7_30_retention_rate,"Jan 1 – Dec 31, 2025",,,,,86,,,,,0.166667,,,,,,,,,,,
cohort_day1_7_30_retention_rate,"Jan 1 – Dec 31, 2025",,,,,87,,,,,0.2,,,,,,,,,,,
cohort_day1_7_30_retention_rate,"Jan 1 – Dec 31, 2025",,,,,88,,,,,0.166667,0.166667,,,,,,,,,,
cohort_day1_7_30_retention_rate,"Jan 1 – Dec 31, 2025",,,,,89,,,,,0.375,,,,,,,,,,,
cohort_day1_7_30_retention_rate,"Jan 1 – Dec 31, 2025",,,,,90,,,,,0.2,,,,,,,,,,,
cohort_day1_7_30_retention_rate,"Jan 1 – Dec 31, 2025",,,,,91,,,,,0.166667,,,,,,,,,,,
cohort_day1_7_30_retention_rate,"Jan 1 – Dec 31, 2025",,,,,92,,,,,,0.2,,,,,,,,,,
cohort_day1_7_30_retention_rate,"Jan 1 – Dec 31, 2025",,,,,93,,,,,0.25,0.25,0.25,,,,,,,,,
cohort_day1_7_30_retention_rate,"Jan 1 – Dec 31, 2025",,,,,94,,,,,,,,,,,,,,,,
cohort_day1_7_30_retention_rate,"Jan 1 – Dec 31, 2025",,,,,95,,,,,,0.25,,,,,,,,,,
cohort_day1_7_30_retention_rate,"Jan 1 – Dec 31, 2025",,,,,96,,,,,,,,,,,,,,,,
cohort_day1_7_30_retention_rate,"Jan 1 – Dec 31, 2025",,,,,97,,,,,0.333333,,,,,,,,,,,
cohort_day1_7_30_retention_rate,"Jan 1 – Dec 31, 2025",,,,,98,,,,,,,,,,,,,,,,
cohort_day1_7_30_retention_rate,"Jan 1 – Dec 31, 2025",,,,,99,,,,,0.5,,,,,,,,,,,
cohort_day1_7_30_retention_rate,"Jan 1 – Dec 31, 2025",,,,,100,,,,,,0.222222,0.111111,,,,,,,,,
cohort_day1_7_30_retention_rate,"Jan 1 – Dec 31, 2025",,,,,101,,,,,0.5,0.5,0.25,,,,,,,,,
cohort_day1_7_30_retention_rate,"Jan 1 – Dec 31, 2025",,,,,102,,,,,0.333333,,,,,,,,,,,
cohort_day1_7_30_retention_rate,"Jan 1 – Dec 31, 2025",,,,,103,,,,,0.333333,,,,,,,,,,,
cohort_day1_7_30_retention_rate,"Jan 1 – Dec 31, 2025",,,,,104,,,,,0.25,,0.25,,,,,,,,,
cohort_day1_7_30_retention_rate,"Jan 1 – Dec 31, 2025",,,,,105,,,,,0.142857,,,,,,,,,,,
cohort_day1_7_30_retention_rate,"Jan 1 – Dec 31, 2025",,,,,106,,,,,,,,,,,,,,,,
cohort_day1_7_30_retention_rate,"Jan 1 – Dec 31, 2025",,,,,107,,,,,0.2,,0.2,,,,,,,,,
cohort_day1_7_30_retention_rate,"Jan 1 – Dec 31, 2025",,,,,108,,,,,,,,,,,,,,,,
cohort_day1_7_30_retention_rate,"Jan 1 – Dec 31, 2025",,,,,109,,,,,0.2,,,,,,,,,,,
cohort_day1_7_30_retention_rate,"Jan 1 – Dec 31, 2025",,,,,110,,,,,0.2,0.2,,,,,,,,,,
cohort_day1_7_30_retention_rate,"Jan 1 – Dec 31, 2025",,,,,111,,,,,,,,,,,,,,,,
cohort_day1_7_30_retention_rate,"Jan 1 – Dec 31, 2025",,,,,112,,,,,,,,,,,,,,,,
cohort_day1_7_30_retention_rate,"Jan 1 – Dec 31, 2025",,,,,113,,,,,,,,,,,,,,,,
cohort_day1_7_30_retention_rate,"Jan 1 – Dec 31, 2025",,,,,114,,,,,0.285714,0.285714,,,,,,,,,,
cohort_day1_7_30_retention_rate,"Jan 1 – Dec 31, 2025",,,,,115,,,,,,,,,,,,,,,,
cohort_day1_7_30_retention_rate,"Jan 1 – Dec 31, 2025",,,,,116,,,,,,,,,,,,,,,,
cohort_day1_7_30_retention_rate,"Jan 1 – Dec 31, 2025",,,,,117,,,,,,,,,,,,,,,,
cohort_day1_7_30_retention_rate,"Jan 1 – Dec 31, 2025",,,,,118,,,,,0.166667,,,,,,,,,,,
cohort_day1_7_30_retention_rate,"Jan 1 – Dec 31, 2025",,,,,119,,,,,,,,,,,,,,,,
cohort_day1_7_30_retention_rate,"Jan 1 – Dec 31, 2025",,,,,120,,,,,,,,,,,,,,,,
cohort_day1_7_30_retention_rate,"Jan 1 – Dec 31, 2025",,,,,121,,,,,,,,,,,,,,,,
cohort_day1_7_30_retention_rate,"Jan 1 – Dec 31, 2025",,,,,122,,,,,,,,,,,,,,,,
cohort_day1_7_30_retention_rate,"Jan 1 – Dec 31, 2025",,,,,123,,,,,,0.25,0.25,,,,,,,,,
cohort_day1_7_30_retention_rate,"Jan 1 – Dec 31, 2025",,,,,124,,,,,0.333333,,,,,,,,,,,
cohort_day1_7_30_retention_rate,"Jan 1 – Dec 31, 2025",,,,,125,,,,,,,,,,,,,,,,
cohort_day1_7_30_retention_rate,"Jan 1 – Dec 31, 2025",,,,,126,,,,,,,,,,,,,,,,
cohort_day1_7_30_retention_rate,"Jan 1 – Dec 31, 2025",,,,,127,,,,,0.4,0.4,0.2,,,,,,,,,
cohort_day1_7_30_retention_rate,"Jan 1 – Dec 31, 2025",,,,,128,,,,,0.333333,,,,,,,,,,,
cohort_day1_7_30_retention_rate,"Jan 1 – Dec 31, 2025",,,,,129,,,,,1.0,,,,,,,,,,,
cohort_day1_7_30_retention_rate,"Jan 1 – Dec 31, 2025",,,,,130,,,,,0.2,,,,,,,,,,,
cohort_day1_7_30_retention_rate,"Jan 1 – Dec 31, 2025",,,,,131,,,,,0.5,,,,,,,,,,,
cohort_day1_7_30_retention_rate,"Jan 1 – Dec 31, 2025",,,,,132,,,,,,,,,,,,,,,,
cohort_day1_7_30_retention_rate,"Jan 1 – Dec 31, 2025",,,,,133,,,,,,,,,,,,,,,,
cohort_day1_7_30_retention_rate,"Jan 1 – Dec 31, 2025",,,,,134,,,,,,,,,,,,,,,,
cohort_day1_7_30_retention_rate,"Jan 1 – Dec 31, 2025",,,,,135,,,,,0.333333,,,,,,,,,,,
cohort_day1_7_30_retention_rate,"Jan 1 – Dec 31, 2025",,,,,136,,,,,0.25,,,,,,,,,,,
cohort_day1_7_30_retention_rate,"Jan 1 – Dec 31, 2025",,,,,137,,,,,,,,,,,,,,,,
cohort_day1_7_30_retention_rate,"Jan 1 – Dec 31, 2025",,,,,138,,,,,,,,,,,,,,,,
cohort_day1_7_30_retention_rate,"Jan 1 – Dec 31, 2025",,,,,139,,,,,,,,,,,,,,,,
cohort_day1_7_30_retention_rate,"Jan 1 – Dec 31, 2025",,,,,140,,,,,0.142857,0.285714,,,,,,,,,,
cohort_day1_7_30_retention_rate,"Jan 1 – Dec 31, 2025",,,,,141,,,,,0.333333,0.166667,,,,,,,,,,
cohort_day1_7_30_retention_rate,"Jan 1 – Dec 31, 2025",,,,,142,,,,,,,,,,,,,,,,
cohort_day1_7_30_retention_rate,"Jan 1 – Dec 31, 2025",,,,,143,,,,,0.4,,,,,,,,,,,
cohort_day1_7_30_retention_rate,"Jan 1 – Dec 31, 2025",,,,,144,,,,,,0.25,,,,,,,,,,
cohort_day1_7_30_retention_rate,"Jan 1 – Dec 31, 2025",,,,,145,,,,,,,,,,,,,,,,
cohort_day1_7_30_retention_rate,"Jan 1 – Dec 31, 2025",,,,,146,,,,,,,,,,,,,,,,
cohort_day1_7_30_retention_rate,"Jan 1 – Dec 31, 2025",,,,,147,,,,,0.5,,,,,,,,,,,
cohort_day1_7_30_retention_rate,"Jan 1 – Dec 31, 2025",,,,,148,,,,,0.333333,0.333333,,,,,,,,,,
cohort_day1_7_30_retention_rate,"Jan 1 – Dec 31, 2025",,,,,149,,,,,,,,,,,,,,,,
cohort_day1_7_30_retention_rate,"Jan 1 – Dec 31, 2025",,,,,150,,,,,,,,,,,,,,,,
cohort_day1_7_30_retention_rate,"Jan 1 – Dec 31, 2025",,,,,151,,,,,0.125,,0.125,,,,,,,,,
cohort_day1_7_30_retention_rate,"Jan 1 – Dec 31, 2025",,,,,152,,,,,0.5,0.5,,,,,,,,,,
cohort_day1_7_30_retention_rate,"Jan 1 – Dec 31, 2025",,,,,153,,,,,0.333333,,,,,,,,,,,
cohort_day1_7_30_retention_rate,"Jan 1 – Dec 31, 2025",,,,,154,,,,,,,,,,,,,,,,
cohort_day1_7_30_retention_rate,"Jan 1 – Dec 31, 2025",,,,,155,,,,,,,,,,,,,,,,
cohort_day1_7_30_retention_rate,"Jan 1 – Dec 31, 2025",,,,,156,,,,,0.333333,,,,,,,,,,,
cohort_day1_7_30_retention_rate,"Jan 1 – Dec 31, 2025",,,,,157,,,,,,,,,,,,,,,,
cohort_day1_7_30_retention_rate,"Jan 1 – Dec 31, 2025",,,,,158,,,,,,,,,,,,,,,,
cohort_day1_7_30_retention_rate,"Jan 1 – Dec 31, 2025",,,,,159,,,,,,,,,,,,,,,,
cohort_day1_7_30_retention_rate,"Jan 1 – Dec 31, 2025",,,,,160,,,,,0.333333,,,,,,,,,,,
cohort_day1_7_30_retention_rate,"Jan 1 – Dec 31, 2025",,,,,161,,,,,1.0,0.5,,,,,,,,,,
cohort_day1_7_30_retention_rate,"Jan 1 – Dec 31, 2025",,,,,162,,,,,0.25,0.25,,,,,,,,,,
cohort_day1_7_30_retention_rate,"Jan 1 – Dec 31, 2025",,,,,163,,,,,0.5,,,,,,,,,,,
cohort_day1_7_30_retention_rate,"Jan 1 – Dec 31, 2025",,,,,164,,,,,,,,,,,,,,,,
cohort_day1_7_30_retention_rate,"Jan 1 – Dec 31, 2025",,,,,165,,,,,,,,,,,,,,,,
cohort_day1_7_30_retention_rate,"Jan 1 – Dec 31, 2025",,,,,166,,,,,,0.5,,,,,,,,,,
cohort_day1_7_30_retention_rate,"Jan 1 – Dec 31, 2025",,,,,167,,,,,,,,,,,,,,,,
cohort_day1_7_30_retention_rate,"Jan 1 – Dec 31, 2025",,,,,168,,,,,1.0,,,,,,,,,,,
cohort_day1_7_30_retention_rate,"Jan 1 – Dec 31, 2025",,,,,169,,,,,0.5,,,,,,,,,,,
cohort_day1_7_30_retention_rate,"Jan 1 – Dec 31, 2025",,,,,170,,,,,,,,,,,,,,,,
cohort_day1_7_30_retention_rate,"Jan 1 – Dec 31, 2025",,,,,171,,,,,0.571429,,,,,,,,,,,
cohort_day1_7_30_retention_rate,"Jan 1 – Dec 31, 2025",,,,,172,,,,,,,,,,,,,,,,
cohort_day1_7_30_retention_rate,"Jan 1 – Dec 31, 2025",,,,,173,,,,,,,,,,,,,,,,
cohort_day1_7_30_retention_rate,"Jan 1 – Dec 31, 2025",,,,,174,,,,,,,,,,,,,,,,
cohort_day1_7_30_retention_rate,"Jan 1 – Dec 31, 2025",,,,,175,,,,,,,,,,,,,,,,
cohort_day1_7_30_retention_rate,"Jan 1 – Dec 31, 2025",,,,,176,,,,,0.25,,,,,,,,,,,
cohort_day1_7_30_retention_rate,"Jan 1 – Dec 31, 2025",,,,,177,,,,,,,,,,,,,,,,
cohort_day1_7_30_retention_rate,"Jan 1 – Dec 31, 2025",,,,,178,,,,,,,,,,,,,,,,
cohort_day1_7_30_retention_rate,"Jan 1 – Dec 31, 2025",,,,,179,,,,,,,,,,,,,,,,
cohort_day1_7_30_retention_rate,"Jan 1 – Dec 31, 2025",,,,,180,,,,,,,,,,,,,,,,
cohort_day1_7_30_retention_rate,"Jan 1 – Dec 31, 2025",,,,,181,,,,,,,,,,,,,,,,
cohort_day1_7_30_retention_rate,"Jan 1 – Dec 31, 2025",,,,,182,,,,,0.25,0.25,,,,,,,,,,
cohort_day1_7_30_retention_rate,"Jan 1 – Dec 31, 2025",,,,,183,,,,,,,,,,,,,,,,
cohort_day1_7_30_retention_rate,"Jan 1 – Dec 31, 2025",,,,,184,,,,,,,,,,,,,,,,
cohort_day1_7_30_retention_rate,"Jan 1 – Dec 31, 2025",,,,,185,,,,,,,,,,,,,,,,
cohort_day1_7_30_retention_rate,"Jan 1 – Dec 31, 2025",,,,,186,,,,,0.142857,,,,,,,,,,,
cohort_day1_7_30_retention_rate,"Jan 1 – Dec 31, 2025",,,,,187,,,,,0.25,,,,,,,,,,,
cohort_day1_7_30_retention_rate,"Jan 1 – Dec 31, 2025",,,,,188,,,,,,,,,,,,,,,,
cohort_day1_7_30_retention_rate,"Jan 1 – Dec 31, 2025",,,,,189,,,,,0.25,,,,,,,,,,,
cohort_day1_7_30_retention_rate,"Jan 1 – Dec 31, 2025",,,,,190,,,,,0.333333,0.666667,,,,,,,,,,
cohort_day1_7_30_retention_rate,"Jan 1 – Dec 31, 2025",,,,,191,,,,,,,,,,,,,,,,
cohort_day1_7_30_retention_rate,"Jan 1 – Dec 31, 2025",,,,,192,,,,,,0.25,,,,,,,,,,
cohort_day1_7_30_retention_rate,"Jan 1 – Dec 31, 2025",,,,,193,,,,,0.25,,,,,,,,,,,
cohort_day1_7_30_retention_rate,"Jan 1 – Dec 31, 2025",,,,,194,,,,,0.5,,,,,,,,,,,
cohort_day1_7_30_retention_rate,"Jan 1 – Dec 31, 2025",,,,,195,,,,,,,,,,,,,,,,
cohort_day1_7_30_retention_rate,"Jan 1 – Dec 31, 2025",,,,,196,,,,,,,,,,,,,,,,
cohort_day1_7_30_retention_rate,"Jan 1 – Dec 31, 2025",,,,,197,,,,,,,,,,,,,,,,
cohort_day1_7_30_retention_rate,"Jan 1 – Dec 31, 2025",,,,,198,,,,,1.0,,1.0,,,,,,,,,
cohort_day1_7_30_retention_rate,"Jan 1 – Dec 31, 2025",,,,,199,,,,,,,,,,,,,,,,
cohort_day1_7_30_retention_rate,"Jan 1 – Dec 31, 2025",,,,,200,,,,,,,,,,,,,,,,
cohort_day1_7_30_retention_rate,"Jan 1 – Dec 31, 2025",,,,,201,,,,,1.0,,,,,,,,,,,
cohort_day1_7_30_retention_rate,"Jan 1 – Dec 31, 2025",,,,,202,,,,,0.333333,,,,,,,,,,,
cohort_day1_7_30_retention_rate,"Jan 1 – Dec 31, 2025",,,,,203,,,,,,,,,,,,,,,,
cohort_day1_7_30_retention_rate,"Jan 1 – Dec 31, 2025",,,,,204,,,,,,,,,,,,,,,,
cohort_day1_7_30_retention_rate,"Jan 1 – Dec 31, 2025",,,,,205,,,,,0.4,,,,,,,,,,,
cohort_day1_7_30_retention_rate,"Jan 1 – Dec 31, 2025",,,,,206,,,,,,,,,,,,,,,,
cohort_day1_7_30_retention_rate,"Jan 1 – Dec 31, 2025",,,,,207,,,,,,,,,,,,,,,,
cohort_day1_7_30_retention_rate,"Jan 1 – Dec 31, 2025",,,,,208,,,,,,,,,,,,,,,,
cohort_day1_7_30_retention_rate,"Jan 1 – Dec 31, 2025",,,,,209,,,,,0.5,1.0,,,,,,,,,,
cohort_day1_7_30_retention_rate,"Jan 1 – Dec 31, 2025",,,,,210,,,,,,,,,,,,,,,,
cohort_day1_7_30_retention_rate,"Jan 1 – Dec 31, 2025",,,,,211,,,,,,,,,,,,,,,,
cohort_day1_7_30_retention_rate,"Jan 1 – Dec 31, 2025",,,,,212,,,,,,,,,,,,,,,,
cohort_day1_7_30_retention_rate,"Jan 1 – Dec 31, 2025",,,,,213,,,,,0.25,0.25,,,,,,,,,,
cohort_day1_7_30_retention_rate,"Jan 1 – Dec 31, 2025",,,,,214,,,,,,,,,,,,,,,,
cohort_day1_7_30_retention_rate,"Jan 1 – Dec 31, 2025",,,,,215,,,,,,,,,,,,,,,,
cohort_day1_7_30_retention_rate,"Jan 1 – Dec 31, 2025",,,,,216,,,,,,,,,,,,,,,,
cohort_day1_7_30_retention_rate,"Jan 1 – Dec 31, 2025",,,,,217,,,,,,,,,,,,,,,,
cohort_day1_7_30_retention_rate,"Jan 1 – Dec 31, 2025",,,,,218,,,,,,,,,,,,,,,,
cohort_day1_7_30_retention_rate,"Jan 1 – Dec 31, 2025",,,,,219,,,,,0.333333,0.333333,,,,,,,,,,
cohort_day1_7_30_retention_rate,"Jan 1 – Dec 31, 2025",,,,,220,,,,,,,,,,,,,,,,
cohort_day1_7_30_retention_rate,"Jan 1 – Dec 31, 2025",,,,,221,,,,,,,,,,,,,,,,
cohort_day1_7_30_retention_rate,"Jan 1 – Dec 31, 2025",,,,,222,,,,,,,,,,,,,,,,
cohort_day1_7_30_retention_rate,"Jan 1 – Dec 31, 2025",,,,,223,,,,,0.5,0.25,,,,,,,,,,
cohort_day1_7_30_retention_rate,"Jan 1 – Dec 31, 2025",,,,,224,,,,,0.5,,,,,,,,,,,
cohort_day1_7_30_retention_rate,"Jan 1 – Dec 31, 2025",,,,,225,,,,,,,,,,,,,,,,
cohort_day1_7_30_retention_rate,"Jan 1 – Dec 31, 2025",,,,,226,,,,,,,,,,,,,,,,
cohort_day1_7_30_retention_rate,"Jan 1 – Dec 31, 2025",,,,,227,,,,,0.666667,0.333333,,,,,,,,,,
cohort_day1_7_30_retention_rate,"Jan 1 – Dec 31, 2025",,,,,228,,,,,0.2,,,,,,,,,,,
cohort_day1_7_30_retention_rate,"Jan 1 – Dec 31, 2025",,,,,229,,,,,,,,,,,,,,,,
cohort_day1_7_30_retention_rate,"Jan 1 – Dec 31, 2025",,,,,230,,,,,,,,,,,,,,,,
cohort_day1_7_30_retention_rate,"Jan 1 – Dec 31, 2025",,,,,231,,,,,0.5,0.25,,,,,,,,,,
cohort_day1_7_30_retention_rate,"Jan 1 – Dec 31, 2025",,,,,232,,,,,,,,,,,,,,,,
cohort_day1_7_30_retention_rate,"Jan 1 – Dec 31, 2025",,,,,233,,,,,,,,,,,,,,,,
cohort_day1_7_30_retention_rate,"Jan 1 – Dec 31, 2025",,,,,234,,,,,,,,,,,,,,,,
cohort_day1_7_30_retention_rate,"Jan 1 – Dec 31, 2025",,,,,235,,,,,0.333333,,,,,,,,,,,
cohort_day1_7_30_retention_rate,"Jan 1 – Dec 31, 2025",,,,,236,,,,,,,,,,,,,,,,
cohort_day1_7_30_retention_rate,"Jan 1 – Dec 31, 2025",,,,,237,,,,,,,,,,,,,,,,
cohort_day1_7_30_retention_rate,"Jan 1 – Dec 31, 2025",,,,,238,,,,,0.5,,,,,,,,,,,
cohort_day1_7_30_retention_rate,"Jan 1 – Dec 31, 2025",,,,,239,,,,,1.0,,,,,,,,,,,
cohort_day1_7_30_retention_rate,"Jan 1 – Dec 31, 2025",,,,,240,,,,,0.166667,,,,,,,,,,,
cohort_day1_7_30_retention_rate,"Jan 1 – Dec 31, 2025",,,,,241,,,,,0.5,,,,,,,,,,,
cohort_day1_7_30_retention_rate,"Jan 1 – Dec 31, 2025",,,,,242,,,,,0.5,,,,,,,,,,,
cohort_day1_7_30_retention_rate,"Jan 1 – Dec 31, 2025",,,,,243,,,,,,,,,,,,,,,,
cohort_day1_7_30_retention_rate,"Jan 1 – Dec 31, 2025",,,,,244,,,,,0.2,,,,,,,,,,,
cohort_day1_7_30_retention_rate,"Jan 1 – Dec 31, 2025",,,,,245,,,,,1.0,1.0,,,,,,,,,,
cohort_day1_7_30_retention_rate,"Jan 1 – Dec 31, 2025",,,,,246,,,,,,,,,,,,,,,,
cohort_day1_7_30_retention_rate,"Jan 1 – Dec 31, 2025",,,,,247,,,,,0.333333,0.333333,,,,,,,,,,
cohort_day1_7_30_retention_rate,"Jan 1 – Dec 31, 2025",,,,,248,,,,,0.25,,,,,,,,,,,
cohort_day1_7_30_retention_rate,"Jan 1 – Dec 31, 2025",,,,,249,,,,,0.333333,0.333333,,,,,,,,,,
cohort_day1_7_30_retention_rate,"Jan 1 – Dec 31, 2025",,,,,250,,,,,0.333333,,,,,,,,,,,
cohort_day1_7_30_retention_rate,"Jan 1 – Dec 31, 2025",,,,,251,,,,,,,,,,,,,,,,
cohort_day1_7_30_retention_rate,"Jan 1 – Dec 31, 2025",,,,,252,,,,,,,,,,,,,,,,
cohort_day1_7_30_retention_rate,"Jan 1 – Dec 31, 2025",,,,,253,,,,,,,,,,,,,,,,
cohort_day1_7_30_retention_rate,"Jan 1 – Dec 31, 2025",,,,,254,,,,,,,,,,,,,,,,
cohort_day1_7_30_retention_rate,"Jan 1 – Dec 31, 2025",,,,,255,,,,,0.25,,0.25,,,,,,,,,
cohort_day1_7_30_retention_rate,"Jan 1 – Dec 31, 2025",,,,,256,,,,,,,,,,,,,,,,
cohort_day1_7_30_retention_rate,"Jan 1 – Dec 31, 2025",,,,,257,,,,,,,,,,,,,,,,
cohort_day1_7_30_retention_rate,"Jan 1 – Dec 31, 2025",,,,,258,,,,,,,,,,,,,,,,
cohort_day1_7_30_retention_rate,"Jan 1 – Dec 31, 2025",,,,,259,,,,,0.285714,0.142857,,,,,,,,,,
cohort_day1_7_30_retention_rate,"Jan 1 – Dec 31, 2025",,,,,260,,,,,0.333333,,,,,,,,,,,
cohort_day1_7_30_retention_rate,"Jan 1 – Dec 31, 2025",,,,,261,,,,,0.333333,,,,,,,,,,,
cohort_day1_7_30_retention_rate,"Jan 1 – Dec 31, 2025",,,,,262,,,,,0.5,,0.5,,,,,,,,,
cohort_day1_7_30_retention_rate,"Jan 1 – Dec 31, 2025",,,,,263,,,,,0.5,,,,,,,,,,,
cohort_day1_7_30_retention_rate,"Jan 1 – Dec 31, 2025",,,,,264,,,,,,,,,,,,,,,,
cohort_day1_7_30_retention_rate,"Jan 1 – Dec 31, 2025",,,,,265,,,,,,,,,,,,,,,,
cohort_day1_7_30_retention_rate,"Jan 1 – Dec 31, 2025",,,,,266,,,,,0.666667,,,,,,,,,,,
cohort_day1_7_30_retention_rate,"Jan 1 – Dec 31, 2025",,,,,267,,,,,0.5,0.5,,,,,,,,,,
cohort_day1_7_30_retention_rate,"Jan 1 – Dec 31, 2025",,,,,268,,,,,,,,,,,,,,,,
cohort_day1_7_30_retention_rate,"Jan 1 – Dec 31, 2025",,,,,269,,,,,,,,,,,,,,,,
cohort_day1_7_30_retention_rate,"Jan 1 – Dec 31, 2025",,,,,270,,,,,,,,,,,,,,,,
cohort_day1_7_30_retention_rate,"Jan 1 – Dec 31, 2025",,,,,271,,,,,,,,,,,,,,,,
cohort_day1_7_30_retention_rate,"Jan 1 – Dec 31, 2025",,,,,272,,,,,,,,,,,,,,,,
cohort_day1_7_30_retention_rate,"Jan 1 – Dec 31, 2025",,,,,273,,,,,,,,,,,,,,,,
cohort_day1_7_30_retention_rate,"Jan 1 – Dec 31, 2025",,,,,274,,,,,,,,,,,,,,,,
cohort_day1_7_30_retention_rate,"Jan 1 – Dec 31, 2025",,,,,275,,,,,,,,,,,,,,,,
cohort_day1_7_30_retention_rate,"Jan 1 – Dec 31, 2025",,,,,276,,,,,,,,,,,,,,,,
cohort_day1_7_30_retention_rate,"Jan 1 – Dec 31, 2025",,,,,277,,,,,,,,,,,,,,,,
cohort_day1_7_30_retention_rate,"Jan 1 – Dec 31, 2025",,,,,278,,,,,,,,,,,,,,,,
cohort_day1_7_30_retention_rate,"Jan 1 – Dec 31, 2025",,,,,279,,,,,,,,,,,,,,,,
cohort_day1_7_30_retention_rate,"Jan 1 – Dec 31, 2025",,,,,280,,,,,0.333333,,,,,,,,,,,
cohort_day1_7_30_retention_rate,"Jan 1 – Dec 31, 2025",,,,,281,,,,,0.5,0.25,0.25,,,,,,,,,
cohort_day1_7_30_retention_rate,"Jan 1 – Dec 31, 2025",,,,,282,,,,,0.142857,0.142857,,,,,,,,,,
cohort_day1_7_30_retention_rate,"Jan 1 – Dec 31, 2025",,,,,283,,,,,0.2,,,,,,,,,,,
cohort_day1_7_30_retention_rate,"Jan 1 – Dec 31, 2025",,,,,284,,,,,0.333333,,,,,,,,,,,
cohort_day1_7_30_retention_rate,"Jan 1 – Dec 31, 2025",,,,,285,,,,,,0.2,,,,,,,,,,
cohort_day1_7_30_retention_rate,"Jan 1 – Dec 31, 2025",,,,,286,,,,,0.5,,,,,,,,,,,
cohort_day1_7_30_retention_rate,"Jan 1 – Dec 31, 2025",,,,,287,,,,,,,,,,,,,,,,
cohort_day1_7_30_retention_rate,"Jan 1 – Dec 31, 2025",,,,,288,,,,,,,,,,,,,,,,
cohort_day1_7_30_retention_rate,"Jan 1 – Dec 31, 2025",,,,,289,,,,,,,,,,,,,,,,
cohort_day1_7_30_retention_rate,"Jan 1 – Dec 31, 2025",,,,,290,,,,,,,,,,,,,,,,
cohort_day1_7_30_retention_rate,"Jan 1 – Dec 31, 2025",,,,,291,,,,,,,,,,,,,,,,
cohort_day1_7_30_retention_rate,"Jan 1 – Dec 31, 2025",,,,,292,,,,,,,,,,,,,,,,
cohort_day1_7_30_retention_rate,"Jan 1 – Dec 31, 2025",,,,,293,,,,,,,,,,,,,,,,
cohort_day1_7_30_retention_rate,"Jan 1 – Dec 31, 2025",,,,,294,,,,,,,,,,,,,,,,
cohort_day1_7_30_retention_rate,"Jan 1 – Dec 31, 2025",,,,,295,,,,,1.0,,,,,,,,,,,
cohort_day1_7_30_retention_rate,"Jan 1 – Dec 31, 2025",,,,,296,,,,,,,,,,,,,,,,
cohort_day1_7_30_retention_rate,"Jan 1 – Dec 31, 2025",,,,,297,,,,,0.333333,,,,,,,,,,,
cohort_day1_7_30_retention_rate,"Jan 1 – Dec 31, 2025",,,,,298,,,,,,,,,,,,,,,,
cohort_day1_7_30_retention_rate,"Jan 1 – Dec 31, 2025",,,,,299,,,,,,,,,,,,,,,,
cohort_day1_7_30_retention_rate,"Jan 1 – Dec 31, 2025",,,,,300,,,,,,,,,,,,,,,,
cohort_day1_7_30_retention_rate,"Jan 1 – Dec 31, 2025",,,,,301,,,,,,,,,,,,,,,,
cohort_day1_7_30_retention_rate,"Jan 1 – Dec 31, 2025",,,,,302,,,,,,,,,,,,,,,,
cohort_day1_7_30_retention_rate,"Jan 1 – Dec 31, 2025",,,,,303,,,,,,,,,,,,,,,,
cohort_day1_7_30_retention_rate,"Jan 1 – Dec 31, 2025",,,,,304,,,,,,,,,,,,,,,,
cohort_day1_7_30_retention_rate,"Jan 1 – Dec 31, 2025",,,,,305,,,,,,,,,,,,,,,,
cohort_day1_7_30_retention_rate,"Jan 1 – Dec 31, 2025",,,,,306,,,,,,,,,,,,,,,,
cohort_day1_7_30_retention_rate,"Jan 1 – Dec 31, 2025",,,,,307,,,,,,,,,,,,,,,,
cohort_day1_7_30_retention_rate,"Jan 1 – Dec 31, 2025",,,,,308,,,,,,,,,,,,,,,,
cohort_day1_7_30_retention_rate,"Jan 1 – Dec 31, 2025",,,,,309,,,,,,,,,,,,,,,,
cohort_day1_7_30_retention_rate,"Jan 1 – Dec 31, 2025",,,,,310,,,,,0.666667,,,,,,,,,,,
cohort_day1_7_30_retention_rate,"Jan 1 – Dec 31, 2025",,,,,311,,,,,,,,,,,,,,,,
cohort_day1_7_30_retention_rate,"Jan 1 – Dec 31, 2025",,,,,312,,,,,,,,,,,,,,,,
cohort_day1_7_30_retention_rate,"Jan 1 – Dec 31, 2025",,,,,313,,,,,0.5,0.5,,,,,,,,,,
cohort_day1_7_30_retention_rate,"Jan 1 – Dec 31, 2025",,,,,314,,,,,,,,,,,,,,,,
cohort_day1_7_30_retention_rate,"Jan 1 – Dec 31, 2025",,,,,315,,,,,,1.0,,,,,,,,,,
cohort_day1_7_30_retention_rate,"Jan 1 – Dec 31, 2025",,,,,316,,,,,,,,,,,,,,,,
cohort_day1_7_30_retention_rate,"Jan 1 – Dec 31, 2025",,,,,317,,,,,,,,,,,,,,,,
cohort_day1_7_30_retention_rate,"Jan 1 – Dec 31, 2025",,,,,318,,,,,0.142857,,,,,,,,,,,
cohort_day1_7_30_retention_rate,"Jan 1 – Dec 31, 2025",,,,,319,,,,,0.666667,0.166667,0.166667,,,,,,,,,
cohort_day1_7_30_retention_rate,"Jan 1 – Dec 31, 2025",,,,,320,,,,,,,,,,,,,,,,
cohort_day1_7_30_retention_rate,"Jan 1 – Dec 31, 2025",,,,,321,,,,,,,,,,,,,,,,
cohort_day1_7_30_retention_rate,"Jan 1 – Dec 31, 2025",,,,,322,,,,,,,,,,,,,,,,
cohort_day1_7_30_retention_rate,"Jan 1 – Dec 31, 2025",,,,,323,,,,,,,,,,,,,,,,
cohort_day1_7_30_retention_rate,"Jan 1 – Dec 31, 2025",,,,,324,,,,,,,,,,,,,,,,
cohort_day1_7_30_retention_rate,"Jan 1 – Dec 31, 2025",,,,,325,,,,,0.333333,,,,,,,,,,,
cohort_day1_7_30_retention_rate,"Jan 1 – Dec 31, 2025",,,,,326,,,,,,,,,,,,,,,,
cohort_day1_7_30_retention_rate,"Jan 1 – Dec 31, 2025",,,,,327,,,,,,,,,,,,,,,,
cohort_day1_7_30_retention_rate,"Jan 1 – Dec 31, 2025",,,,,328,,,,,,,,,,,,,,,,
cohort_day1_7_30_retention_rate,"Jan 1 – Dec 31, 2025",,,,,329,,,,,0.2,,,,,,,,,,,
cohort_day1_7_30_retention_rate,"Jan 1 – Dec 31, 2025",,,,,330,,,,,,,,,,,,,,,,
cohort_day1_7_30_retention_rate,"Jan 1 – Dec 31, 2025",,,,,331,,,,,,,,,,,,,,,,
cohort_day1_7_30_retention_rate,"Jan 1 – Dec 31, 2025",,,,,332,,,,,,,,,,,,,,,,
cohort_day1_7_30_retention_rate,"Jan 1 – Dec 31, 2025",,,,,333,,,,,,0.333333,,,,,,,,,,
cohort_day1_7_30_retention_rate,"Jan 1 – Dec 31, 2025",,,,,334,,,,,,,,,,,,,,,,
cohort_day1_7_30_retention_rate,"Jan 1 – Dec 31, 2025",,,,,335,,,,,,,,,,,,,,,,
cohort_day1_7_30_retention_rate,"Jan 1 – Dec 31, 2025",,,,,336,,,,,,,,,,,,,,,,
cohort_day1_7_30_retention_rate,"Jan 1 – Dec 31, 2025",,,,,337,,,,,0.5,,,,,,,,,,,
cohort_day1_7_30_retention_rate,"Jan 1 – Dec 31, 2025",,,,,338,,,,,,,,,,,,,,,,
cohort_day1_7_30_retention_rate,"Jan 1 – Dec 31, 2025",,,,,339,,,,,0.25,0.25,0.25,,,,,,,,,
cohort_day1_7_30_retention_rate,"Jan 1 – Dec 31, 2025",,,,,340,,,,,,0.166667,,,,,,,,,,
cohort_day1_7_30_retention_rate,"Jan 1 – Dec 31, 2025",,,,,341,,,,,0.333333,,,,,,,,,,,
cohort_day1_7_30_retention_rate,"Jan 1 – Dec 31, 2025",,,,,342,,,,,,,0.333333,,,,,,,,,
cohort_day1_7_30_retention_rate,"Jan 1 – Dec 31, 2025",,,,,343,,,,,,,,,,,,,,,,
cohort_day1_7_30_retention_rate,"Jan 1 – Dec 31, 2025",,,,,344,,,,,0.166667,0.166667,,,,,,,,,,
cohort_day1_7_30_retention_rate,"Jan 1 – Dec 31, 2025",,,,,345,,,,,,,,,,,,,,,,
cohort_day1_7_30_retention_rate,"Jan 1 – Dec 31, 2025",,,,,346,,,,,,,,,,,,,,,,
cohort_day1_7_30_retention_rate,"Jan 1 – Dec 31, 2025",,,,,347,,,,,,,,,,,,,,,,
cohort_day1_7_30_retention_rate,"Jan 1 – Dec 31, 2025",,,,,348,,,,,,,,,,,,,,,,
cohort_day1_7_30_retention_rate,"Jan 1 – Dec 31, 2025",,,,,349,,,,,,,,,,,,,,,,
cohort_day1_7_30_retention_rate,"Jan 1 – Dec 31, 2025",,,,,350,,,,,,,,,,,,,,,,
cohort_day1_7_30_retention_rate,"Jan 1 – Dec 31, 2025",,,,,351,,,,,,,,,,,,,,,,
cohort_day1_7_30_retention_rate,"Jan 1 – Dec 31, 2025",,,,,352,,,,,,,,,,,,,,,,
cohort_day1_7_30_retention_rate,"Jan 1 – Dec 31, 2025",,,,,353,,,,,,,,,,,,,,,,
cohort_day1_7_30_retention_rate,"Jan 1 – Dec 31, 2025",,,,,354,,,,,0.5,,,,,,,,,,,
cohort_day1_7_30_retention_rate,"Jan 1 – Dec 31, 2025",,,,,355,,,,,,,,,,,,,,,,
cohort_day1_7_30_retention_rate,"Jan 1 – Dec 31, 2025",,,,,356,,,,,,,,,,,,,,,,
cohort_day1_7_30_retention_rate,"Jan 1 – Dec 31, 2025",,,,,357,,,,,,,,,,,,,,,,
cohort_day1_7_30_retention_rate,"Jan 1 – Dec 31, 2025",,,,,358,,,,,0.125,,,,,,,,,,,
cohort_day1_7_30_retention_rate,"Jan 1 – Dec 31, 2025",,,,,359,,,,,,,,,,,,,,,,
cohort_day1_7_30_retention_rate,"Jan 1 – Dec 31, 2025",,,,,360,,,,,,,,,,,,,,,,
cohort_day1_7_30_retention_rate,"Jan 1 – Dec 31, 2025",,,,,361,,,,,0.2,,,,,,,,,,,
cohort_day1_7_30_retention_rate,"Jan 1 – Dec 31, 2025",,,,,362,,,,,0.333333,,,,,,,,,,,
cohort_day1_7_30_retention_rate,"Jan 1 – Dec 31, 2025",,,,,363,,,,,,,,,,,,,,,,
cohort_day1_7_30_retention_rate,"Jan 1 – Dec 31, 2025",,,,,364,,,,,0.25,,,,,,,,,,,
cohort_day1_7_30_avg_engagement_sec,"Jan 1 – Dec 31, 2025",,,,,0,,,,,,,,,,,,,,,,
cohort_day1_7_30_avg_engagement_sec,"Jan 1 – Dec 31, 2025",,,,,1,,,,,,,,,,,,,,,,
cohort_day1_7_30_avg_engagement_sec,"Jan 1 – Dec 31, 2025",,,,,2,,,,,,,,,,,,,,,,
cohort_day1_7_30_avg_engagement_sec,"Jan 1 – Dec 31, 2025",,,,,3,,,,,,,,,,,,,,,,
cohort_day1_7_30_avg_engagement_sec,"Jan 1 – Dec 31, 2025",,,,,4,,,,,,,,,,,,,,,,
cohort_day1_7_30_avg_engagement_sec,"Jan 1 – Dec 31, 2025",,,,,5,,,,,,,,46.0,,,,,,,,
cohort_day1_7_30_avg_engagement_sec,"Jan 1 – Dec 31, 2025",,,,,6,,,,,,,,,,,,,,,,
cohort_day1_7_30_avg_engagement_sec,"Jan 1 – Dec 31, 2025",,,,,7,,,,,,,,,,,,,,,,
cohort_day1_7_30_avg_engagement_sec,"Jan 1 – Dec 31, 2025",,,,,8,,,,,,,,,,,,,,,,
cohort_day1_7_30_avg_engagement_sec,"Jan 1 – Dec 31, 2025",,,,,9,,,,,,,,107.33,,,,,,,,
cohort_day1_7_30_avg_engagement_sec,"Jan 1 – Dec 31, 2025",,,,,10,,,,,,,,34.25,64.0,,,,,,,
cohort_day1_7_30_avg_engagement_sec,"Jan 1 – Dec 31, 2025",,,,,11,,,,,,,,195.0,261.0,,,,,,,
cohort_day1_7_30_avg_engagement_sec,"Jan 1 – Dec 31, 2025",,,,,12,,,,,,,,744.5,352.0,,,,,,,
cohort_day1_7_30_avg_engagement_sec,"Jan 1 – Dec 31, 2025",,,,,13,,,,,,,,333.0,745.0,,,,,,,
cohort_day1_7_30_avg_engagement_sec,"Jan 1 – Dec 31, 2025",,,,,14,,,,,,,,69.0,,,,,,,,
cohort_day1_7_30_avg_engagement_sec,"Jan 1 – Dec 31, 2025",,,,,15,,,,,,,,,,,,,,,,
cohort_day1_7_30_avg_engagement_sec,"Jan 1 – Dec 31, 2025",,,,,16,,,,,,,,,28.0,,,,,,,
cohort_day1_7_30_avg_engagement_sec,"Jan 1 – Dec 31, 2025",,,,,17,,,,,,,,574.0,,,,,,,,
cohort_day1_7_30_avg_engagement_sec,"Jan 1 – Dec 31, 2025",,,,,18,,,,,,,,618.5,59.0,,,,,,,
cohort_day1_7_30_avg_engagement_sec,"Jan 1 – Dec 31, 2025",,,,,19,,,,,,,,30.0,,,,,,,,
cohort_day1_7_30_avg_engagement_sec,"Jan 1 – Dec 31, 2025",,,,,20,,,,,,,,12.0,34.0,,,,,,,
cohort_day1_7_30_avg_engagement_sec,"Jan 1 – Dec 31, 2025",,,,,21,,,,,,,,264.0,275.0,,,,,,,
cohort_day1_7_30_avg_engagement_sec,"Jan 1 – Dec 31, 2025",,,,,22,,,,,,,,409.0,29.0,,,,,,,
cohort_day1_7_30_avg_engagement_sec,"Jan 1 – Dec 31, 2025",,,,,23,,,,,,,,92.0,86.0,,,,,,,
cohort_day1_7_30_avg_engagement_sec,"Jan 1 – Dec 31, 2025",,,,,24,,,,,,,,269.5,737.0,,,,,,,
cohort_day1_7_30_avg_engagement_sec,"Jan 1 – Dec 31, 2025",,,,,25,,,,,,,,1201.67,484.5,,,,,,,
cohort_day1_7_30_avg_engagement_sec,"Jan 1 – Dec 31, 2025",,,,,26,,,,,,,,,,,,,,,,
cohort_day1_7_30_avg_engagement_sec,"Jan 1 – Dec 31, 2025",,,,,27,,,,,,,,247.0,1926.0,,,,,,,
cohort_day1_7_30_avg_engagement_sec,"Jan 1 – Dec 31, 2025",,,,,28,,,,,,,,,,,,,,,,
cohort_day1_7_30_avg_engagement_sec,"Jan 1 – Dec 31, 2025",,,,,29,,,,,,,,2307.0,541.0,,,,,,,
cohort_day1_7_30_avg_engagement_sec,"Jan 1 – Dec 31, 2025",,,,,30,,,,,,,,394.5,39.0,,,,,,,
cohort_day1_7_30_avg_engagement_sec,"Jan 1 – Dec 31, 2025",,,,,31,,,,,,,,2898.0,,,,,,,,
cohort_day1_7_30_avg_engagement_sec,"Jan 1 – Dec 31, 2025",,,,,32,,,,,,,,,,,,,,,,
cohort_day1_7_30_avg_engagement_sec,"Jan 1 – Dec 31, 2025",,,,,33,,,,,,,,168.0,,,,,,,,
cohort_day1_7_30_avg_engagement_sec,"Jan 1 – Dec 31, 2025",,,,,34,,,,,,,,51.5,6.0,,,,,,,
cohort_day1_7_30_avg_engagement_sec,"Jan 1 – Dec 31, 2025",,,,,35,,,,,,,,,,,,,,,,
cohort_day1_7_30_avg_engagement_sec,"Jan 1 – Dec 31, 2025",,,,,36,,,,,,,,146.0,,,,,,,,
cohort_day1_7_30_avg_engagement_sec,"Jan 1 – Dec 31, 2025",,,,,37,,,,,,,,2822.0,,,,,,,,
cohort_day1_7_30_avg_engagement_sec,"Jan 1 – Dec 31, 2025",,,,,38,,,,,,,,53.0,24.0,,,,,,,
cohort_day1_7_30_avg_engagement_sec,"Jan 1 – Dec 31, 2025",,,,,39,,,,,,,,112.0,,,,,,,,
cohort_day1_7_30_avg_engagement_sec,"Jan 1 – Dec 31, 2025",,,,,40,,,,,,,,,87.0,,,,,,,
cohort_day1_7_30_avg_engagement_sec,"Jan 1 – Dec 31, 2025",,,,,41,,,,,,,,,,,,,,,,
cohort_day1_7_30_avg_engagement_sec,"Jan 1 – Dec 31, 2025",,,,,42,,,,,,,,152.0,41.0,280.0,,,,,,
cohort_day1_7_30_avg_engagement_sec,"Jan 1 – Dec 31, 2025",,,,,43,,,,,,,,,,,,,,,,
cohort_day1_7_30_avg_engagement_sec,"Jan 1 – Dec 31, 2025",,,,,44,,,,,,,,137.0,,,,,,,,
cohort_day1_7_30_avg_engagement_sec,"Jan 1 – Dec 31, 2025",,,,,45,,,,,,,,166.33,651.67,,,,,,,
cohort_day1_7_30_avg_engagement_sec,"Jan 1 – Dec 31, 2025",,,,,46,,,,,,,,,1365.0,,,,,,,
cohort_day1_7_30_avg_engagement_sec,"Jan 1 – Dec 31, 2025",,,,,47,,,,,,,,1.0,244.0,,,,,,,
cohort_day1_7_30_avg_engagement_sec,"Jan 1 – Dec 31, 2025",,,,,48,,,,,,,,68.0,,,,,,,,
cohort_day1_7_30_avg_engagement_sec,"Jan 1 – Dec 31, 2025",,,,,49,,,,,,,,,,,,,,,,
cohort_day1_7_30_avg_engagement_sec,"Jan 1 – Dec 31, 2025",,,,,50,,,,,,,,310.0,512.0,,,,,,,
cohort_day1_7_30_avg_engagement_sec,"Jan 1 – Dec 31, 2025",,,,,51,,,,,,,,101.0,,,,,,,,
cohort_day1_7_30_avg_engagement_sec,"Jan 1 – Dec 31, 2025",,,,,52,,,,,,,,128.0,,,,,,,,
cohort_day1_7_30_avg_engagement_sec,"Jan 1 – Dec 31, 2025",,,,,53,,,,,,,,143.5,,1.0,,,,,,
cohort_day1_7_30_avg_engagement_sec,"Jan 1 – Dec 31, 2025",,,,,54,,,,,,,,,,,,,,,,
cohort_day1_7_30_avg_engagement_sec,"Jan 1 – Dec 31, 2025",,,,,55,,,,,,,,978.0,,,,,,,,
cohort_day1_7_30_avg_engagement_sec,"Jan 1 – Dec 31, 2025",,,,,56,,,,,,,,1172.0,,,,,,,,
cohort_day1_7_30_avg_engagement_sec,"Jan 1 – Dec 31, 2025",,,,,57,,,,,,,,,,,,,,,,
cohort_day1_7_30_avg_engagement_sec,"Jan 1 – Dec 31, 2025",,,,,58,,,,,,,,,,,,,,,,
cohort_day1_7_30_avg_engagement_sec,"Jan 1 – Dec 31, 2025",,,,,59,,,,,,,,,,,,,,,,
cohort_day1_7_30_avg_engagement_sec,"Jan 1 – Dec 31, 2025",,,,,60,,,,,,,,1537.0,,,,,,,,
cohort_day1_7_30_avg_engagement_sec,"Jan 1 – Dec 31, 2025",,,,,61,,,,,,,,,,,,,,,,
cohort_day1_7_30_avg_engagement_sec,"Jan 1 – Dec 31, 2025",,,,,62,,,,,,,,,,,,,,,,
cohort_day1_7_30_avg_engagement_sec,"Jan 1 – Dec 31, 2025",,,,,63,,,,,,,,,,,,,,,,
cohort_day1_7_30_avg_engagement_sec,"Jan 1 – Dec 31, 2025",,,,,64,,,,,,,,507.0,,,,,,,,
cohort_day1_7_30_avg_engagement_sec,"Jan 1 – Dec 31, 2025",,,,,65,,,,,,,,,,,,,,,,
cohort_day1_7_30_avg_engagement_sec,"Jan 1 – Dec 31, 2025",,,,,66,,,,,,,,110.5,129.5,,,,,,,
cohort_day1_7_30_avg_engagement_sec,"Jan 1 – Dec 31, 2025",,,,,67,,,,,,,,465.0,,,,,,,,
cohort_day1_7_30_avg_engagement_sec,"Jan 1 – Dec 31, 2025",,,,,68,,,,,,,,3922.0,3725.0,1844.0,,,,,,
cohort_day1_7_30_avg_engagement_sec,"Jan 1 – Dec 31, 2025",,,,,69,,,,,,,,,,,,,,,,
cohort_day1_7_30_avg_engagement_sec,"Jan 1 – Dec 31, 2025",,,,,70,,,,,,,,,,,,,,,,
cohort_day1_7_30_avg_engagement_sec,"Jan 1 – Dec 31, 2025",,,,,71,,,,,,,,,,,,,,,,
cohort_day1_7_30_avg_engagement_sec,"Jan 1 – Dec 31, 2025",,,,,72,,,,,,,,,,,,,,,,
cohort_day1_7_30_avg_engagement_sec,"Jan 1 – Dec 31, 2025",,,,,73,,,,,,,,,,,,,,,,
cohort_day1_7_30_avg_engagement_sec,"Jan 1 – Dec 31, 2025",,,,,74,,,,,,,,332.0,,,,,,,,
cohort_day1_7_30_avg_engagement_sec,"Jan 1 – Dec 31, 2025",,,,,75,,,,,,,,70.0,,,,,,,,
cohort_day1_7_30_avg_engagement_sec,"Jan 1 – Dec 31, 2025",,,,,76,,,,,,,,661.0,659.0,273.0,,,,,,
cohort_day1_7_30_avg_engagement_sec,"Jan 1 – Dec 31, 2025",,,,,77,,,,,,,,,,,,,,,,
cohort_day1_7_30_avg_engagement_sec,"Jan 1 – Dec 31, 2025",,,,,78,,,,,,,,138.0,,,,,,,,
cohort_day1_7_30_avg_engagement_sec,"Jan 1 – Dec 31, 2025",,,,,79,,,,,,,,140.0,,,,,,,,
cohort_day1_7_30_avg_engagement_sec,"Jan 1 – Dec 31, 2025",,,,,80,,,,,,,,2520.0,1485.0,,,,,,,
cohort_day1_7_30_avg_engagement_sec,"Jan 1 – Dec 31, 2025",,,,,81,,,,,,,,217.5,54.0,,,,,,,
cohort_day1_7_30_avg_engagement_sec,"Jan 1 – Dec 31, 2025",,,,,82,,,,,,,,4.0,,,,,,,,
cohort_day1_7_30_avg_engagement_sec,"Jan 1 – Dec 31, 2025",,,,,83,,,,,,,,19.0,,,,,,,,
cohort_day1_7_30_avg_engagement_sec,"Jan 1 – Dec 31, 2025",,,,,84,,,,,,,,23.0,,,,,,,,
cohort_day1_7_30_avg_engagement_sec,"Jan 1 – Dec 31, 2025",,,,,85,,,,,,,,62.0,,,,,,,,
cohort_day1_7_30_avg_engagement_sec,"Jan 1 – Dec 31, 2025",,,,,86,,,,,,,,217.0,,,,,,,,
cohort_day1_7_30_avg_engagement_sec,"Jan 1 – Dec 31, 2025",,,,,87,,,,,,,,78.0,,,,,,,,
cohort_day1_7_30_avg_engagement_sec,"Jan 1 – Dec 31, 2025",,,,,88,,,,,,,,50.0,1212.0,,,,,,,
cohort_day1_7_30_avg_engagement_sec,"Jan 1 – Dec 31, 2025",,,,,89,,,,,,,,52.0,,,,,,,,
cohort_day1_7_30_avg_engagement_sec,"Jan 1 – Dec 31, 2025",,,,,90,,,,,,,,49.0,,,,,,,,
cohort_day1_7_30_avg_engagement_sec,"Jan 1 – Dec 31, 2025",,,,,91,,,,,,,,69.0,,,,,,,,
cohort_day1_7_30_avg_engagement_sec,"Jan 1 – Dec 31, 2025",,,,,92,,,,,,,,,1552.0,,,,,,,
cohort_day1_7_30_avg_engagement_sec,"Jan 1 – Dec 31, 2025",,,,,93,,,,,,,,51.0,2256.0,446.0,,,,,,
cohort_day1_7_30_avg_engagement_sec,"Jan 1 – Dec 31, 2025",,,,,94,,,,,,,,,,,,,,,,
cohort_day1_7_30_avg_engagement_sec,"Jan 1 – Dec 31, 2025",,,,,95,,,,,,,,,18.0,,,,,,,
cohort_day1_7_30_avg_engagement_sec,"Jan 1 – Dec 31, 2025",,,,,96,,,,,,,,,,,,,,,,
cohort_day1_7_30_avg_engagement_sec,"Jan 1 – Dec 31, 2025",,,,,97,,,,,,,,146.5,,,,,,,,
cohort_day1_7_30_avg_engagement_sec,"Jan 1 – Dec 31, 2025",,,,,98,,,,,,,,,,,,,,,,
cohort_day1_7_30_avg_engagement_sec,"Jan 1 – Dec 31, 2025",,,,,99,,,,,,,,45.0,,,,,,,,
cohort_day1_7_30_avg_engagement_sec,"Jan 1 – Dec 31, 2025",,,,,100,,,,,,,,,46.5,7.0,,,,,,
cohort_day1_7_30_avg_engagement_sec,"Jan 1 – Dec 31, 2025",,,,,101,,,,,,,,1131.5,251.5,289.0,,,,,,
cohort_day1_7_30_avg_engagement_sec,"Jan 1 – Dec 31, 2025",,,,,102,,,,,,,,44.0,,,,,,,,
cohort_day1_7_30_avg_engagement_sec,"Jan 1 – Dec 31, 2025",,,,,103,,,,,,,,1359.0,,,,,,,,
cohort_day1_7_30_avg_engagement_sec,"Jan 1 – Dec 31, 2025",,,,,104,,,,,,,,347.0,,288.0,,,,,,
cohort_day1_7_30_avg_engagement_sec,"Jan 1 – Dec 31, 2025",,,,,105,,,,,,,,48.0,,,,,,,,
cohort_day1_7_30_avg_engagement_sec,"Jan 1 – Dec 31, 2025",,,,,106,,,,,,,,,,,,,,,,
cohort_day1_7_30_avg_engagement_sec,"Jan 1 – Dec 31, 2025",,,,,107,,,,,,,,,,24.0,,,,,,
cohort_day1_7_30_avg_engagement_sec,"Jan 1 – Dec 31, 2025",,,,,108,,,,,,,,,,,,,,,,
cohort_day1_7_30_avg_engagement_sec,"Jan 1 – Dec 31, 2025",,,,,109,,,,,,,,83.0,,,,,,,,
cohort_day1_7_30_avg_engagement_sec,"Jan 1 – Dec 31, 2025",,,,,110,,,,,,,,905.0,385.0,,,,,,,
cohort_day1_7_30_avg_engagement_sec,"Jan 1 – Dec 31, 2025",,,,,111,,,,,,,,,,,,,,,,
cohort_day1_7_30_avg_engagement_sec,"Jan 1 – Dec 31, 2025",,,,,112,,,,,,,,,,,,,,,,
cohort_day1_7_30_avg_engagement_sec,"Jan 1 – Dec 31, 2025",,,,,113,,,,,,,,,,,,,,,,
cohort_day1_7_30_avg_engagement_sec,"Jan 1 – Dec 31, 2025",,,,,114,,,,,,,,664.5,238.0,,,,,,,
cohort_day1_7_30_avg_engagement_sec,"Jan 1 – Dec 31, 2025",,,,,115,,,,,,,,,,,,,,,,
cohort_day1_7_30_avg_engagement_sec,"Jan 1 – Dec 31, 2025",,,,,116,,,,,,,,,,,,,,,,
cohort_day1_7_30_avg_engagement_sec,"Jan 1 – Dec 31, 2025",,,,,117,,,,,,,,,,,,,,,,
cohort_day1_7_30_avg_engagement_sec,"Jan 1 – Dec 31, 2025",,,,,118,,,,,,,,4.0,,,,,,,,
cohort_day1_7_30_avg_engagement_sec,"Jan 1 – Dec 31, 2025",,,,,119,,,,,,,,,,,,,,,,
cohort_day1_7_30_avg_engagement_sec,"Jan 1 – Dec 31, 2025",,,,,120,,,,,,,,,,,,,,,,
cohort_day1_7_30_avg_engagement_sec,"Jan 1 – Dec 31, 2025",,,,,121,,,,,,,,,,,,,,,,
cohort_day1_7_30_avg_engagement_sec,"Jan 1 – Dec 31, 2025",,,,,122,,,,,,,,,,,,,,,,
cohort_day1_7_30_avg_engagement_sec,"Jan 1 – Dec 31, 2025",,,,,123,,,,,,,,,40.0,753.0,,,,,,
cohort_day1_7_30_avg_engagement_sec,"Jan 1 – Dec 31, 2025",,,,,124,,,,,,,,88.0,,,,,,,,
cohort_day1_7_30_avg_engagement_sec,"Jan 1 – Dec 31, 2025",,,,,125,,,,,,,,,,,,,,,,
cohort_day1_7_30_avg_engagement_sec,"Jan 1 – Dec 31, 2025",,,,,126,,,,,,,,,,,,,,,,
cohort_day1_7_30_avg_engagement_sec,"Jan 1 – Dec 31, 2025",,,,,127,,,,,,,,49.5,182.5,145.0,,,,,,
cohort_day1_7_30_avg_engagement_sec,"Jan 1 – Dec 31, 2025",,,,,128,,,,,,,,71.0,,,,,,,,
cohort_day1_7_30_avg_engagement_sec,"Jan 1 – Dec 31, 2025",,,,,129,,,,,,,,512.0,,,,,,,,
cohort_day1_7_30_avg_engagement_sec,"Jan 1 – Dec 31, 2025",,,,,130,,,,,,,,189.0,,,,,,,,
cohort_day1_7_30_avg_engagement_sec,"Jan 1 – Dec 31, 2025",,,,,131,,,,,,,,311.0,,,,,,,,
cohort_day1_7_30_avg_engagement_sec,"Jan 1 – Dec 31, 2025",,,,,132,,,,,,,,,,,,,,,,
cohort_day1_7_30_avg_engagement_sec,"Jan 1 – Dec 31, 2025",,,,,133,,,,,,,,,,,,,,,,
cohort_day1_7_30_avg_engagement_sec,"Jan 1 – Dec 31, 2025",,,,,134,,,,,,,,,,,,,,,,
cohort_day1_7_30_avg_engagement_sec,"Jan 1 – Dec 31, 2025",,,,,135,,,,,,,,75.0,,,,,,,,
cohort_day1_7_30_avg_engagement_sec,"Jan 1 – Dec 31, 2025",,,,,136,,,,,,,,991.0,,,,,,,,
cohort_day1_7_30_avg_engagement_sec,"Jan 1 – Dec 31, 2025",,,,,137,,,,,,,,,,,,,,,,
cohort_day1_7_30_avg_engagement_sec,"Jan 1 – Dec 31, 2025",,,,,138,,,,,,,,,,,,,,,,
cohort_day1_7_30_avg_engagement_sec,"Jan 1 – Dec 31, 2025",,,,,139,,,,,,,,,,,,,,,,
cohort_day1_7_30_avg_engagement_sec,"Jan 1 – Dec 31, 2025",,,,,140,,,,,,,,2.0,58.5,,,,,,,
cohort_day1_7_30_avg_engagement_sec,"Jan 1 – Dec 31, 2025",,,,,141,,,,,,,,932.0,31.0,,,,,,,
cohort_day1_7_30_avg_engagement_sec,"Jan 1 – Dec 31, 2025",,,,,142,,,,,,,,,,,,,,,,
cohort_day1_7_30_avg_engagement_sec,"Jan 1 – Dec 31, 2025",,,,,143,,,,,,,,739.0,,,,,,,,
cohort_day1_7_30_avg_engagement_sec,"Jan 1 – Dec 31, 2025",,,,,144,,,,,,,,,25.0,,,,,,,
cohort_day1_7_30_avg_engagement_sec,"Jan 1 – Dec 31, 2025",,,,,145,,,,,,,,,,,,,,,,
cohort_day1_7_30_avg_engagement_sec,"Jan 1 – Dec 31, 2025",,,,,146,,,,,,,,,,,,,,,,
cohort_day1_7_30_avg_engagement_sec,"Jan 1 – Dec 31, 2025",,,,,147,,,,,,,,1016.0,,,,,,,,
cohort_day1_7_30_avg_engagement_sec,"Jan 1 – Dec 31, 2025",,,,,148,,,,,,,,1930.0,115.0,,,,,,,
cohort_day1_7_30_avg_engagement_sec,"Jan 1 – Dec 31, 2025",,,,,149,,,,,,,,,,,,,,,,
cohort_day1_7_30_avg_engagement_sec,"Jan 1 – Dec 31, 2025",,,,,150,,,,,,,,,,,,,,,,
cohort_day1_7_30_avg_engagement_sec,"Jan 1 – Dec 31, 2025",,,,,151,,,,,,,,,,79.0,,,,,,
cohort_day1_7_30_avg_engagement_sec,"Jan 1 – Dec 31, 2025",,,,,152,,,,,,,,3880.0,716.0,,,,,,,
cohort_day1_7_30_avg_engagement_sec,"Jan 1 – Dec 31, 2025",,,,,153,,,,,,,,460.0,,,,,,,,
cohort_day1_7_30_avg_engagement_sec,"Jan 1 – Dec 31, 2025",,,,,154,,,,,,,,,,,,,,,,
cohort_day1_7_30_avg_engagement_sec,"Jan 1 – Dec 31, 2025",,,,,155,,,,,,,,,,,,,,,,
cohort_day1_7_30_avg_engagement_sec,"Jan 1 – Dec 31, 2025",,,,,156,,,,,,,,5098.0,,,,,,,,
cohort_day1_7_30_avg_engagement_sec,"Jan 1 – Dec 31, 2025",,,,,157,,,,,,,,,,,,,,,,
cohort_day1_7_30_avg_engagement_sec,"Jan 1 – Dec 31, 2025",,,,,158,,,,,,,,,,,,,,,,
cohort_day1_7_30_avg_engagement_sec,"Jan 1 – Dec 31, 2025",,,,,159,,,,,,,,,,,,,,,,
cohort_day1_7_30_avg_engagement_sec,"Jan 1 – Dec 31, 2025",,,,,160,,,,,,,,1501.0,,,,,,,,
cohort_day1_7_30_avg_engagement_sec,"Jan 1 – Dec 31, 2025",,,,,161,,,,,,,,587.5,94.0,,,,,,,
cohort_day1_7_30_avg_engagement_sec,"Jan 1 – Dec 31, 2025",,,,,162,,,,,,,,266.0,122.0,,,,,,,
cohort_day1_7_30_avg_engagement_sec,"Jan 1 – Dec 31, 2025",,,,,163,,,,,,,,168.0,,,,,,,,
cohort_day1_7_30_avg_engagement_sec,"Jan 1 – Dec 31, 2025",,,,,164,,,,,,,,,,,,,,,,
cohort_day1_7_30_avg_engagement_sec,"Jan 1 – Dec 31, 2025",,,,,165,,,,,,,,,,,,,,,,
cohort_day1_7_30_avg_engagement_sec,"Jan 1 – Dec 31, 2025",,,,,166,,,,,,,,,28.0,,,,,,,
cohort_day1_7_30_avg_engagement_sec,"Jan 1 – Dec 31, 2025",,,,,167,,,,,,,,,,,,,,,,
cohort_day1_7_30_avg_engagement_sec,"Jan 1 – Dec 31, 2025",,,,,168,,,,,,,,499.0,,,,,,,,
cohort_day1_7_30_avg_engagement_sec,"Jan 1 – Dec 31, 2025",,,,,169,,,,,,,,823.0,,,,,,,,
cohort_day1_7_30_avg_engagement_sec,"Jan 1 – Dec 31, 2025",,,,,170,,,,,,,,,,,,,,,,
cohort_day1_7_30_avg_engagement_sec,"Jan 1 – Dec 31, 2025",,,,,171,,,,,,,,374.25,,,,,,,,
cohort_day1_7_30_avg_engagement_sec,"Jan 1 – Dec 31, 2025",,,,,172,,,,,,,,,,,,,,,,
cohort_day1_7_30_avg_engagement_sec,"Jan 1 – Dec 31, 2025",,,,,173,,,,,,,,,,,,,,,,
cohort_day1_7_30_avg_engagement_sec,"Jan 1 – Dec 31, 2025",,,,,174,,,,,,,,,,,,,,,,
cohort_day1_7_30_avg_engagement_sec,"Jan 1 – Dec 31, 2025",,,,,175,,,,,,,,,,,,,,,,
cohort_day1_7_30_avg_engagement_sec,"Jan 1 – Dec 31, 2025",,,,,176,,,,,,,,4.0,,,,,,,,
cohort_day1_7_30_avg_engagement_sec,"Jan 1 – Dec 31, 2025",,,,,177,,,,,,,,,,,,,,,,
cohort_day1_7_30_avg_engagement_sec,"Jan 1 – Dec 31, 2025",,,,,178,,,,,,,,,,,,,,,,
cohort_day1_7_30_avg_engagement_sec,"Jan 1 – Dec 31, 2025",,,,,179,,,,,,,,,,,,,,,,
cohort_day1_7_30_avg_engagement_sec,"Jan 1 – Dec 31, 2025",,,,,180,,,,,,,,,,,,,,,,
cohort_day1_7_30_avg_engagement_sec,"Jan 1 – Dec 31, 2025",,,,,181,,,,,,,,,,,,,,,,
cohort_day1_7_30_avg_engagement_sec,"Jan 1 – Dec 31, 2025",,,,,182,,,,,,,,1071.0,466.0,,,,,,,
cohort_day1_7_30_avg_engagement_sec,"Jan 1 – Dec 31, 2025",,,,,183,,,,,,,,,,,,,,,,
cohort_day1_7_30_avg_engagement_sec,"Jan 1 – Dec 31, 2025",,,,,184,,,,,,,,,,,,,,,,
cohort_day1_7_30_avg_engagement_sec,"Jan 1 – Dec 31, 2025",,,,,185,,,,,,,,,,,,,,,,
cohort_day1_7_30_avg_engagement_sec,"Jan 1 – Dec 31, 2025",,,,,186,,,,,,,,3512.0,,,,,,,,
cohort_day1_7_30_avg_engagement_sec,"Jan 1 – Dec 31, 2025",,,,,187,,,,,,,,55.0,,,,,,,,
cohort_day1_7_30_avg_engagement_sec,"Jan 1 – Dec 31, 2025",,,,,188,,,,,,,,,,,,,,,,
cohort_day1_7_30_avg_engagement_sec,"Jan 1 – Dec 31, 2025",,,,,189,,,,,,,,124.0,,,,,,,,
cohort_day1_7_30_avg_engagement_sec,"Jan 1 – Dec 31, 2025",,,,,190,,,,,,,,57.0,299.5,,,,,,,
cohort_day1_7_30_avg_engagement_sec,"Jan 1 – Dec 31, 2025",,,,,191,,,,,,,,,,,,,,,,
cohort_day1_7_30_avg_engagement_sec,"Jan 1 – Dec 31, 2025",,,,,192,,,,,,,,,,,,,,,,
cohort_day1_7_30_avg_engagement_sec,"Jan 1 – Dec 31, 2025",,,,,193,,,,,,,,24.0,,,,,,,,
cohort_day1_7_30_avg_engagement_sec,"Jan 1 – Dec 31, 2025",,,,,194,,,,,,,,31.0,,,,,,,,
cohort_day1_7_30_avg_engagement_sec,"Jan 1 – Dec 31, 2025",,,,,195,,,,,,,,,,,,,,,,
cohort_day1_7_30_avg_engagement_sec,"Jan 1 – Dec 31, 2025",,,,,196,,,,,,,,,,,,,,,,
cohort_day1_7_30_avg_engagement_sec,"Jan 1 – Dec 31, 2025",,,,,197,,,,,,,,,,,,,,,,
cohort_day1_7_30_avg_engagement_sec,"Jan 1 – Dec 31, 2025",,,,,198,,,,,,,,3399.0,,59.0,,,,,,
cohort_day1_7_30_avg_engagement_sec,"Jan 1 – Dec 31, 2025",,,,,199,,,,,,,,,,,,,,,,
cohort_day1_7_30_avg_engagement_sec,"Jan 1 – Dec 31, 2025",,,,,200,,,,,,,,,,,,,,,,
cohort_day1_7_30_avg_engagement_sec,"Jan 1 – Dec 31, 2025",,,,,201,,,,,,,,736.0,,,,,,,,
cohort_day1_7_30_avg_engagement_sec,"Jan 1 – Dec 31, 2025",,,,,202,,,,,,,,29.0,,,,,,,,
cohort_day1_7_30_avg_engagement_sec,"Jan 1 – Dec 31, 2025",,,,,203,,,,,,,,,,,,,,,,
cohort_day1_7_30_avg_engagement_sec,"Jan 1 – Dec 31, 2025",,,,,204,,,,,,,,,,,,,,,,
cohort_day1_7_30_avg_engagement_sec,"Jan 1 – Dec 31, 2025",,,,,205,,,,,,,,105.0,,,,,,,,
cohort_day1_7_30_avg_engagement_sec,"Jan 1 – Dec 31, 2025",,,,,206,,,,,,,,,,,,,,,,
cohort_day1_7_30_avg_engagement_sec,"Jan 1 – Dec 31, 2025",,,,,207,,,,,,,,,,,,,,,,
cohort_day1_7_30_avg_engagement_sec,"Jan 1 – Dec 31, 2025",,,,,208,,,,,,,,,,,,,,,,
cohort_day1_7_30_avg_engagement_sec,"Jan 1 – Dec 31, 2025",,,,,209,,,,,,,,11467.0,552.5,,,,,,,
cohort_day1_7_30_avg_engagement_sec,"Jan 1 – Dec 31, 2025",,,,,210,,,,,,,,,,,,,,,,
cohort_day1_7_30_avg_engagement_sec,"Jan 1 – Dec 31, 2025",,,,,211,,,,,,,,,,,,,,,,
cohort_day1_7_30_avg_engagement_sec,"Jan 1 – Dec 31, 2025",,,,,212,,,,,,,,,,,,,,,,
cohort_day1_7_30_avg_engagement_sec,"Jan 1 – Dec 31, 2025",,,,,213,,,,,,,,373.0,954.0,,,,,,,
cohort_day1_7_30_avg_engagement_sec,"Jan 1 – Dec 31, 2025",,,,,214,,,,,,,,,,,,,,,,
cohort_day1_7_30_avg_engagement_sec,"Jan 1 – Dec 31, 2025",,,,,215,,,,,,,,,,,,,,,,
cohort_day1_7_30_avg_engagement_sec,"Jan 1 – Dec 31, 2025",,,,,216,,,,,,,,,,,,,,,,
cohort_day1_7_30_avg_engagement_sec,"Jan 1 – Dec 31, 2025",,,,,217,,,,,,,,,,,,,,,,
cohort_day1_7_30_avg_engagement_sec,"Jan 1 – Dec 31, 2025",,,,,218,,,,,,,,,,,,,,,,
cohort_day1_7_30_avg_engagement_sec,"Jan 1 – Dec 31, 2025",,,,,219,,,,,,,,1739.0,102.0,,,,,,,
cohort_day1_7_30_avg_engagement_sec,"Jan 1 – Dec 31, 2025",,,,,220,,,,,,,,,,,,,,,,
cohort_day1_7_30_avg_engagement_sec,"Jan 1 – Dec 31, 2025",,,,,221,,,,,,,,,,,,,,,,
cohort_day1_7_30_avg_engagement_sec,"Jan 1 – Dec 31, 2025",,,,,222,,,,,,,,,,,,,,,,
cohort_day1_7_30_avg_engagement_sec,"Jan 1 – Dec 31, 2025",,,,,223,,,,,,,,254.0,423.0,,,,,,,
cohort_day1_7_30_avg_engagement_sec,"Jan 1 – Dec 31, 2025",,,,,224,,,,,,,,41.0,,,,,,,,
cohort_day1_7_30_avg_engagement_sec,"Jan 1 – Dec 31, 2025",,,,,225,,,,,,,,,,,,,,,,
cohort_day1_7_30_avg_engagement_sec,"Jan 1 – Dec 31, 2025",,,,,226,,,,,,,,,,,,,,,,
cohort_day1_7_30_avg_engagement_sec,"Jan 1 – Dec 31, 2025",,,,,227,,,,,,,,280.5,82.0,,,,,,,
cohort_day1_7_30_avg_engagement_sec,"Jan 1 – Dec 31, 2025",,,,,228,,,,,,,,602.0,,,,,,,,
cohort_day1_7_30_avg_engagement_sec,"Jan 1 – Dec 31, 2025",,,,,229,,,,,,,,,,,,,,,,
cohort_day1_7_30_avg_engagement_sec,"Jan 1 – Dec 31, 2025",,,,,230,,,,,,,,,,,,,,,,
cohort_day1_7_30_avg_engagement_sec,"Jan 1 – Dec 31, 2025",,,,,231,,,,,,,,54.0,30.0,,,,,,,
cohort_day1_7_30_avg_engagement_sec,"Jan 1 – Dec 31, 2025",,,,,232,,,,,,,,,,,,,,,,
cohort_day1_7_30_avg_engagement_sec,"Jan 1 – Dec 31, 2025",,,,,233,,,,,,,,,,,,,,,,
cohort_day1_7_30_avg_engagement_sec,"Jan 1 – Dec 31, 2025",,,,,234,,,,,,,,,,,,,,,,
cohort_day1_7_30_avg_engagement_sec,"Jan 1 – Dec 31, 2025",,,,,235,,,,,,,,67.0,,,,,,,,
cohort_day1_7_30_avg_engagement_sec,"Jan 1 – Dec 31, 2025",,,,,236,,,,,,,,,,,,,,,,
cohort_day1_7_30_avg_engagement_sec,"Jan 1 – Dec 31, 2025",,,,,237,,,,,,,,,,,,,,,,
cohort_day1_7_30_avg_engagement_sec,"Jan 1 – Dec 31, 2025",,,,,238,,,,,,,,206.0,,,,,,,,
cohort_day1_7_30_avg_engagement_sec,"Jan 1 – Dec 31, 2025",,,,,239,,,,,,,,338.0,,,,,,,,
cohort_day1_7_30_avg_engagement_sec,"Jan 1 – Dec 31, 2025",,,,,240,,,,,,,,1210.0,,,,,,,,
cohort_day1_7_30_avg_engagement_sec,"Jan 1 – Dec 31, 2025",,,,,241,,,,,,,,39.5,,,,,,,,
cohort_day1_7_30_avg_engagement_sec,"Jan 1 – Dec 31, 2025",,,,,242,,,,,,,,91.0,,,,,,,,
cohort_day1_7_30_avg_engagement_sec,"Jan 1 – Dec 31, 2025",,,,,243,,,,,,,,,,,,,,,,
cohort_day1_7_30_avg_engagement_sec,"Jan 1 – Dec 31, 2025",,,,,244,,,,,,,,265.0,,,,,,,,
cohort_day1_7_30_avg_engagement_sec,"Jan 1 – Dec 31, 2025",,,,,245,,,,,,,,907.0,96.0,,,,,,,
cohort_day1_7_30_avg_engagement_sec,"Jan 1 – Dec 31, 2025",,,,,246,,,,,,,,,,,,,,,,
cohort_day1_7_30_avg_engagement_sec,"Jan 1 – Dec 31, 2025",,,,,247,,,,,,,,2548.0,881.0,,,,,,,
cohort_day1_7_30_avg_engagement_sec,"Jan 1 – Dec 31, 2025",,,,,248,,,,,,,,2101.5,,,,,,,,
cohort_day1_7_30_avg_engagement_sec,"Jan 1 – Dec 31, 2025",,,,,249,,,,,,,,589.0,1394.0,,,,,,,
cohort_day1_7_30_avg_engagement_sec,"Jan 1 – Dec 31, 2025",,,,,250,,,,,,,,15.0,,,,,,,,
cohort_day1_7_30_avg_engagement_sec,"Jan 1 – Dec 31, 2025",,,,,251,,,,,,,,,,,,,,,,
cohort_day1_7_30_avg_engagement_sec,"Jan 1 – Dec 31, 2025",,,,,252,,,,,,,,,,,,,,,,
cohort_day1_7_30_avg_engagement_sec,"Jan 1 – Dec 31, 2025",,,,,253,,,,,,,,,,,,,,,,
cohort_day1_7_30_avg_engagement_sec,"Jan 1 – Dec 31, 2025",,,,,254,,,,,,,,,,,,,,,,
cohort_day1_7_30_avg_engagement_sec,"Jan 1 – Dec 31, 2025",,,,,255,,,,,,,,872.0,,101.0,,,,,,
cohort_day1_7_30_avg_engagement_sec,"Jan 1 – Dec 31, 2025",,,,,256,,,,,,,,,,,,,,,,
cohort_day1_7_30_avg_engagement_sec,"Jan 1 – Dec 31, 2025",,,,,257,,,,,,,,,,,,,,,,
cohort_day1_7_30_avg_engagement_sec,"Jan 1 – Dec 31, 2025",,,,,258,,,,,,,,,,,,,,,,
cohort_day1_7_30_avg_engagement_sec,"Jan 1 – Dec 31, 2025",,,,,259,,,,,,,,1259.0,260.0,,,,,,,
cohort_day1_7_30_avg_engagement_sec,"Jan 1 – Dec 31, 2025",,,,,260,,,,,,,,173.0,,,,,,,,
cohort_day1_7_30_avg_engagement_sec,"Jan 1 – Dec 31, 2025",,,,,261,,,,,,,,53.0,,,,,,,,
cohort_day1_7_30_avg_engagement_sec,"Jan 1 – Dec 31, 2025",,,,,262,,,,,,,,29.0,,294.0,,,,,,
cohort_day1_7_30_avg_engagement_sec,"Jan 1 – Dec 31, 2025",,,,,263,,,,,,,,527.0,,,,,,,,
cohort_day1_7_30_avg_engagement_sec,"Jan 1 – Dec 31, 2025",,,,,264,,,,,,,,,,,,,,,,
cohort_day1_7_30_avg_engagement_sec,"Jan 1 – Dec 31, 2025",,,,,265,,,,,,,,,,,,,,,,
cohort_day1_7_30_avg_engagement_sec,"Jan 1 – Dec 31, 2025",,,,,266,,,,,,,,47.0,,,,,,,,
cohort_day1_7_30_avg_engagement_sec,"Jan 1 – Dec 31, 2025",,,,,267,,,,,,,,589.0,58.0,,,,,,,
cohort_day1_7_30_avg_engagement_sec,"Jan 1 – Dec 31, 2025",,,,,268,,,,,,,,,,,,,,,,
cohort_day1_7_30_avg_engagement_sec,"Jan 1 – Dec 31, 2025",,,,,269,,,,,,,,,,,,,,,,
cohort_day1_7_30_avg_engagement_sec,"Jan 1 – Dec 31, 2025",,,,,270,,,,,,,,,,,,,,,,
cohort_day1_7_30_avg_engagement_sec,"Jan 1 – Dec 31, 2025",,,,,271,,,,,,,,,,,,,,,,
cohort_day1_7_30_avg_engagement_sec,"Jan 1 – Dec 31, 2025",,,,,272,,,,,,,,,,,,,,,,
cohort_day1_7_30_avg_engagement_sec,"Jan 1 – Dec 31, 2025",,,,,273,,,,,,,,,,,,,,,,
cohort_day1_7_30_avg_engagement_sec,"Jan 1 – Dec 31, 2025",,,,,274,,,,,,,,,,,,,,,,
cohort_day1_7_30_avg_engagement_sec,"Jan 1 – Dec 31, 2025",,,,,275,,,,,,,,,,,,,,,,
cohort_day1_7_30_avg_engagement_sec,"Jan 1 – Dec 31, 2025",,,,,276,,,,,,,,,,,,,,,,
cohort_day1_7_30_avg_engagement_sec,"Jan 1 – Dec 31, 2025",,,,,277,,,,,,,,,,,,,,,,
cohort_day1_7_30_avg_engagement_sec,"Jan 1 – Dec 31, 2025",,,,,278,,,,,,,,,,,,,,,,
cohort_day1_7_30_avg_engagement_sec,"Jan 1 – Dec 31, 2025",,,,,279,,,,,,,,,,,,,,,,
cohort_day1_7_30_avg_engagement_sec,"Jan 1 – Dec 31, 2025",,,,,280,,,,,,,,102.0,,,,,,,,
cohort_day1_7_30_avg_engagement_sec,"Jan 1 – Dec 31, 2025",,,,,281,,,,,,,,449.5,1126.0,1391.0,,,,,,
cohort_day1_7_30_avg_engagement_sec,"Jan 1 – Dec 31, 2025",,,,,282,,,,,,,,75.0,70.0,,,,,,,
cohort_day1_7_30_avg_engagement_sec,"Jan 1 – Dec 31, 2025",,,,,283,,,,,,,,95.0,,,,,,,,
cohort_day1_7_30_avg_engagement_sec,"Jan 1 – Dec 31, 2025",,,,,284,,,,,,,,39.0,,,,,,,,
cohort_day1_7_30_avg_engagement_sec,"Jan 1 – Dec 31, 2025",,,,,285,,,,,,,,,5.0,,,,,,,
cohort_day1_7_30_avg_engagement_sec,"Jan 1 – Dec 31, 2025",,,,,286,,,,,,,,291.5,,,,,,,,
cohort_day1_7_30_avg_engagement_sec,"Jan 1 – Dec 31, 2025",,,,,287,,,,,,,,,,,,,,,,
cohort_day1_7_30_avg_engagement_sec,"Jan 1 – Dec 31, 2025",,,,,288,,,,,,,,,,,,,,,,
cohort_day1_7_30_avg_engagement_sec,"Jan 1 – Dec 31, 2025",,,,,289,,,,,,,,,,,,,,,,
cohort_day1_7_30_avg_engagement_sec,"Jan 1 – Dec 31, 2025",,,,,290,,,,,,,,,,,,,,,,
cohort_day1_7_30_avg_engagement_sec,"Jan 1 – Dec 31, 2025",,,,,291,,,,,,,,,,,,,,,,
cohort_day1_7_30_avg_engagement_sec,"Jan 1 – Dec 31, 2025",,,,,292,,,,,,,,,,,,,,,,
cohort_day1_7_30_avg_engagement_sec,"Jan 1 – Dec 31, 2025",,,,,293,,,,,,,,,,,,,,,,
cohort_day1_7_30_avg_engagement_sec,"Jan 1 – Dec 31, 2025",,,,,294,,,,,,,,,,,,,,,,
cohort_day1_7_30_avg_engagement_sec,"Jan 1 – Dec 31, 2025",,,,,295,,,,,,,,1871.0,,,,,,,,
cohort_day1_7_30_avg_engagement_sec,"Jan 1 – Dec 31, 2025",,,,,296,,,,,,,,,,,,,,,,
cohort_day1_7_30_avg_engagement_sec,"Jan 1 – Dec 31, 2025",,,,,297,,,,,,,,109.0,,,,,,,,
cohort_day1_7_30_avg_engagement_sec,"Jan 1 – Dec 31, 2025",,,,,298,,,,,,,,,,,,,,,,
cohort_day1_7_30_avg_engagement_sec,"Jan 1 – Dec 31, 2025",,,,,299,,,,,,,,,,,,,,,,
cohort_day1_7_30_avg_engagement_sec,"Jan 1 – Dec 31, 2025",,,,,300,,,,,,,,,,,,,,,,
cohort_day1_7_30_avg_engagement_sec,"Jan 1 – Dec 31, 2025",,,,,301,,,,,,,,,,,,,,,,
cohort_day1_7_30_avg_engagement_sec,"Jan 1 – Dec 31, 2025",,,,,302,,,,,,,,,,,,,,,,
cohort_day1_7_30_avg_engagement_sec,"Jan 1 – Dec 31, 2025",,,,,303,,,,,,,,,,,,,,,,
cohort_day1_7_30_avg_engagement_sec,"Jan 1 – Dec 31, 2025",,,,,304,,,,,,,,,,,,,,,,
cohort_day1_7_30_avg_engagement_sec,"Jan 1 – Dec 31, 2025",,,,,305,,,,,,,,,,,,,,,,
cohort_day1_7_30_avg_engagement_sec,"Jan 1 – Dec 31, 2025",,,,,306,,,,,,,,,,,,,,,,
cohort_day1_7_30_avg_engagement_sec,"Jan 1 – Dec 31, 2025",,,,,307,,,,,,,,,,,,,,,,
cohort_day1_7_30_avg_engagement_sec,"Jan 1 – Dec 31, 2025",,,,,308,,,,,,,,,,,,,,,,
cohort_day1_7_30_avg_engagement_sec,"Jan 1 – Dec 31, 2025",,,,,309,,,,,,,,,,,,,,,,
cohort_day1_7_30_avg_engagement_sec,"Jan 1 – Dec 31, 2025",,,,,310,,,,,,,,171.0,,,,,,,,
cohort_day1_7_30_avg_engagement_sec,"Jan 1 – Dec 31, 2025",,,,,311,,,,,,,,,,,,,,,,
cohort_day1_7_30_avg_engagement_sec,"Jan 1 – Dec 31, 2025",,,,,312,,,,,,,,,,,,,,,,
cohort_day1_7_30_avg_engagement_sec,"Jan 1 – Dec 31, 2025",,,,,313,,,,,,,,61.0,369.0,,,,,,,
cohort_day1_7_30_avg_engagement_sec,"Jan 1 – Dec 31, 2025",,,,,314,,,,,,,,,,,,,,,,
cohort_day1_7_30_avg_engagement_sec,"Jan 1 – Dec 31, 2025",,,,,315,,,,,,,,,47.0,,,,,,,
cohort_day1_7_30_avg_engagement_sec,"Jan 1 – Dec 31, 2025",,,,,316,,,,,,,,,,,,,,,,
cohort_day1_7_30_avg_engagement_sec,"Jan 1 – Dec 31, 2025",,,,,317,,,,,,,,,,,,,,,,
cohort_day1_7_30_avg_engagement_sec,"Jan 1 – Dec 31, 2025",,,,,318,,,,,,,,33.0,,,,,,,,
cohort_day1_7_30_avg_engagement_sec,"Jan 1 – Dec 31, 2025",,,,,319,,,,,,,,1582.25,31.0,16.0,,,,,,
cohort_day1_7_30_avg_engagement_sec,"Jan 1 – Dec 31, 2025",,,,,320,,,,,,,,,,,,,,,,
cohort_day1_7_30_avg_engagement_sec,"Jan 1 – Dec 31, 2025",,,,,321,,,,,,,,,,,,,,,,
cohort_day1_7_30_avg_engagement_sec,"Jan 1 – Dec 31, 2025",,,,,322,,,,,,,,,,,,,,,,
cohort_day1_7_30_avg_engagement_sec,"Jan 1 – Dec 31, 2025",,,,,323,,,,,,,,,,,,,,,,
cohort_day1_7_30_avg_engagement_sec,"Jan 1 – Dec 31, 2025",,,,,324,,,,,,,,,,,,,,,,
cohort_day1_7_30_avg_engagement_sec,"Jan 1 – Dec 31, 2025",,,,,325,,,,,,,,75.0,,,,,,,,
cohort_day1_7_30_avg_engagement_sec,"Jan 1 – Dec 31, 2025",,,,,326,,,,,,,,,,,,,,,,
cohort_day1_7_30_avg_engagement_sec,"Jan 1 – Dec 31, 2025",,,,,327,,,,,,,,,,,,,,,,
cohort_day1_7_30_avg_engagement_sec,"Jan 1 – Dec 31, 2025",,,,,328,,,,,,,,,,,,,,,,
cohort_day1_7_30_avg_engagement_sec,"Jan 1 – Dec 31, 2025",,,,,329,,,,,,,,74.0,,,,,,,,
cohort_day1_7_30_avg_engagement_sec,"Jan 1 – Dec 31, 2025",,,,,330,,,,,,,,,,,,,,,,
cohort_day1_7_30_avg_engagement_sec,"Jan 1 – Dec 31, 2025",,,,,331,,,,,,,,,,,,,,,,
cohort_day1_7_30_avg_engagement_sec,"Jan 1 – Dec 31, 2025",,,,,332,,,,,,,,,,,,,,,,
cohort_day1_7_30_avg_engagement_sec,"Jan 1 – Dec 31, 2025",,,,,333,,,,,,,,,147.0,,,,,,,
cohort_day1_7_30_avg_engagement_sec,"Jan 1 – Dec 31, 2025",,,,,334,,,,,,,,,,,,,,,,
cohort_day1_7_30_avg_engagement_sec,"Jan 1 – Dec 31, 2025",,,,,335,,,,,,,,,,,,,,,,
cohort_day1_7_30_avg_engagement_sec,"Jan 1 – Dec 31, 2025",,,,,336,,,,,,,,,,,,,,,,
cohort_day1_7_30_avg_engagement_sec,"Jan 1 – Dec 31, 2025",,,,,337,,,,,,,,104.0,,,,,,,,
cohort_day1_7_30_avg_engagement_sec,"Jan 1 – Dec 31, 2025",,,,,338,,,,,,,,,,,,,,,,
cohort_day1_7_30_avg_engagement_sec,"Jan 1 – Dec 31, 2025",,,,,339,,,,,,,,755.0,259.0,59.0,,,,,,
cohort_day1_7_30_avg_engagement_sec,"Jan 1 – Dec 31, 2025",,,,,340,,,,,,,,,110.0,,,,,,,
cohort_day1_7_30_avg_engagement_sec,"Jan 1 – Dec 31, 2025",,,,,341,,,,,,,,53.0,,,,,,,,
cohort_day1_7_30_avg_engagement_sec,"Jan 1 – Dec 31, 2025",,,,,342,,,,,,,,,,32.0,,,,,,
cohort_day1_7_30_avg_engagement_sec,"Jan 1 – Dec 31, 2025",,,,,343,,,,,,,,,,,,,,,,
cohort_day1_7_30_avg_engagement_sec,"Jan 1 – Dec 31, 2025",,,,,344,,,,,,,,2199.0,29.0,,,,,,,
cohort_day1_7_30_avg_engagement_sec,"Jan 1 – Dec 31, 2025",,,,,345,,,,,,,,,,,,,,,,
cohort_day1_7_30_avg_engagement_sec,"Jan 1 – Dec 31, 2025",,,,,346,,,,,,,,,,,,,,,,
cohort_day1_7_30_avg_engagement_sec,"Jan 1 – Dec 31, 2025",,,,,347,,,,,,,,,,,,,,,,
cohort_day1_7_30_avg_engagement_sec,"Jan 1 – Dec 31, 2025",,,,,348,,,,,,,,,,,,,,,,
cohort_day1_7_30_avg_engagement_sec,"Jan 1 – Dec 31, 2025",,,,,349,,,,,,,,,,,,,,,,
cohort_day1_7_30_avg_engagement_sec,"Jan 1 – Dec 31, 2025",,,,,350,,,,,,,,,,,,,,,,
cohort_day1_7_30_avg_engagement_sec,"Jan 1 – Dec 31, 2025",,,,,351,,,,,,,,,,,,,,,,
cohort_day1_7_30_avg_engagement_sec,"Jan 1 – Dec 31, 2025",,,,,352,,,,,,,,,,,,,,,,
cohort_day1_7_30_avg_engagement_sec,"Jan 1 – Dec 31, 2025",,,,,353,,,,,,,,,,,,,,,,
cohort_day1_7_30_avg_engagement_sec,"Jan 1 – Dec 31, 2025",,,,,354,,,,,,,,2.0,,,,,,,,
cohort_day1_7_30_avg_engagement_sec,"Jan 1 – Dec 31, 2025",,,,,355,,,,,,,,,,,,,,,,
cohort_day1_7_30_avg_engagement_sec,"Jan 1 – Dec 31, 2025",,,,,356,,,,,,,,,,,,,,,,
cohort_day1_7_30_avg_engagement_sec,"Jan 1 – Dec 31, 2025",,,,,357,,,,,,,,,,,,,,,,
cohort_day1_7_30_avg_engagement_sec,"Jan 1 – Dec 31, 2025",,,,,358,,,,,,,,17.0,,,,,,,,
cohort_day1_7_30_avg_engagement_sec,"Jan 1 – Dec 31, 2025",,,,,359,,,,,,,,,,,,,,,,
cohort_day1_7_30_avg_engagement_sec,"Jan 1 – Dec 31, 2025",,,,,360,,,,,,,,,,,,,,,,
cohort_day1_7_30_avg_engagement_sec,"Jan 1 – Dec 31, 2025",,,,,361,,,,,,,,17.0,,,,,,,,
cohort_day1_7_30_avg_engagement_sec,"Jan 1 – Dec 31, 2025",,,,,362,,,,,,,,75.0,,,,,,,,
cohort_day1_7_30_avg_engagement_sec,"Jan 1 – Dec 31, 2025",,,,,363,,,,,,,,,,,,,,,,
cohort_day1_7_30_avg_engagement_sec,"Jan 1 – Dec 31, 2025",,,,,364,,,,,,,,25.0,,,,,,,,
cohort_retention_rate,"Nov 20 – Dec 31, 2025",,,,,0,2025-11-20,,,,,,,,,,1.0,100.0,,,,
cohort_retention_rate,"Nov 20 – Dec 31, 2025",,,,,1,2025-11-21,,,,,,,,,,0.111111,11.11,,,,
cohort_retention_rate,"Nov 20 – Dec 31, 2025",,,,,2,2025-11-22,,,,,,,,,,0.064815,6.48,,,,
cohort_retention_rate,"Nov 20 – Dec 31, 2025",,,,,3,2025-11-23,,,,,,,,,,0.037037,3.7,,,,
cohort_retention_rate,"Nov 20 – Dec 31, 2025",,,,,4,2025-11-24,,,,,,,,,,0.055556,5.56,,,,
cohort_retention_rate,"Nov 20 – Dec 31, 2025",,,,,5,2025-11-25,,,,,,,,,,0.037037,3.7,,,,
cohort_retention_rate,"Nov 20 – Dec 31, 2025",,,,,6,2025-11-26,,,,,,,,,,0.027778,2.78,,,,
cohort_retention_rate,"Nov 20 – Dec 31, 2025",,,,,7,2025-11-27,,,,,,,,,,0.037037,3.7,,,,
cohort_retention_rate,"Nov 20 – Dec 31, 2025",,,,,8,2025-11-28,,,,,,,,,,0.018519,1.85,,,,
cohort_retention_rate,"Nov 20 – Dec 31, 2025",,,,,9,2025-11-29,,,,,,,,,,0.018519,1.85,,,,
cohort_retention_rate,"Nov 20 – Dec 31, 2025",,,,,10,2025-11-30,,,,,,,,,,0.0,0.0,,,,
cohort_retention_rate,"Nov 20 – Dec 31, 2025",,,,,11,2025-12-01,,,,,,,,,,0.0,0.0,,,,
cohort_retention_rate,"Nov 20 – Dec 31, 2025",,,,,12,2025-12-02,,,,,,,,,,0.027778,2.78,,,,
cohort_retention_rate,"Nov 20 – Dec 31, 2025",,,,,13,2025-12-03,,,,,,,,,,0.018519,1.85,,,,
cohort_retention_rate,"Nov 20 – Dec 31, 2025",,,,,14,2025-12-04,,,,,,,,,,0.009259,0.93,,,,
cohort_retention_rate,"Nov 20 – Dec 31, 2025",,,,,15,2025-12-05,,,,,,,,,,0.009259,0.93,,,,
cohort_retention_rate,"Nov 20 – Dec 31, 2025",,,,,16,2025-12-06,,,,,,,,,,0.0,0.0,,,,
cohort_retention_rate,"Nov 20 – Dec 31, 2025",,,,,17,2025-12-07,,,,,,,,,,0.009259,0.93,,,,
cohort_retention_rate,"Nov 20 – Dec 31, 2025",,,,,18,2025-12-08,,,,,,,,,,0.027778,2.78,,,,
cohort_retention_rate,"Nov 20 – Dec 31, 2025",,,,,19,2025-12-09,,,,,,,,,,0.009259,0.93,,,,
cohort_retention_rate,"Nov 20 – Dec 31, 2025",,,,,20,2025-12-10,,,,,,,,,,0.018519,1.85,,,,
cohort_retention_rate,"Nov 20 – Dec 31, 2025",,,,,21,2025-12-11,,,,,,,,,,0.018519,1.85,,,,
cohort_retention_rate,"Nov 20 – Dec 31, 2025",,,,,22,2025-12-12,,,,,,,,,,0.009259,0.93,,,,
cohort_retention_rate,"Nov 20 – Dec 31, 2025",,,,,23,2025-12-13,,,,,,,,,,0.027778,2.78,,,,
cohort_retention_rate,"Nov 20 – Dec 31, 2025",,,,,24,2025-12-14,,,,,,,,,,0.018519,1.85,,,,
cohort_retention_rate,"Nov 20 – Dec 31, 2025",,,,,25,2025-12-15,,,,,,,,,,0.018519,1.85,,,,
cohort_retention_rate,"Nov 20 – Dec 31, 2025",,,,,26,2025-12-16,,,,,,,,,,0.018519,1.85,,,,
cohort_retention_rate,"Nov 20 – Dec 31, 2025",,,,,27,2025-12-17,,,,,,,,,,0.018519,1.85,,,,
cohort_retention_rate,"Nov 20 – Dec 31, 2025",,,,,28,2025-12-18,,,,,,,,,,0.009259,0.93,,,,
cohort_retention_rate,"Nov 20 – Dec 31, 2025",,,,,29,2025-12-19,,,,,,,,,,0.018519,1.85,,,,
cohort_retention_rate,"Nov 20 – Dec 31, 2025",,,,,30,2025-12-20,,,,,,,,,,0.018519,1.85,,,,
cohort_retention_rate,"Nov 20 – Dec 31, 2025",,,,,31,2025-12-21,,,,,,,,,,0.018519,1.85,,,,
cohort_retention_rate,"Nov 20 – Dec 31, 2025",,,,,32,2025-12-22,,,,,,,,,,0.009259,0.93,,,,
cohort_retention_rate,"Nov 20 – Dec 31, 2025",,,,,33,2025-12-23,,,,,,,,,,0.018519,1.85,,,,
cohort_retention_rate,"Nov 20 – Dec 31, 2025",,,,,34,2025-12-24,,,,,,,,,,0.018519,1.85,,,,
cohort_retention_rate,"Nov 20 – Dec 31, 2025",,,,,35,2025-12-25,,,,,,,,,,0.027778,2.78,,,,
cohort_retention_rate,"Nov 20 – Dec 31, 2025",,,,,36,2025-12-26,,,,,,,,,,0.018519,1.85,,,,
cohort_retention_rate,"Nov 20 – Dec 31, 2025",,,,,37,2025-12-27,,,,,,,,,,0.009259,0.93,,,,
cohort_retention_rate,"Nov 20 – Dec 31, 2025",,,,,38,2025-12-28,,,,,,,,,,0.0,0.0,,,,
cohort_retention_rate,"Nov 20 – Dec 31, 2025",,,,,39,2025-12-29,,,,,,,,,,0.0,0.0,,,,
cohort_retention_rate,"Nov 20 – Dec 31, 2025",,,,,40,2025-12-30,,,,,,,,,,0.009259,0.93,,,,
cohort_retention_rate,"Nov 20 – Dec 31, 2025",,,,,41,2025-12-31,,,,,,,,,,0.0,0.0,,,,
cohort_avg_engagement_sec,"Nov 20 – Dec 31, 2025",,,,,0,2025-11-20,,,,,,,,,,,,182.53,,,
cohort_avg_engagement_sec,"Nov 20 – Dec 31, 2025",,,,,1,2025-11-21,,,,,,,,,,,,80.86,,,
cohort_avg_engagement_sec,"Nov 20 – Dec 31, 2025",,,,,2,2025-11-22,,,,,,,,,,,,24.9,,,
cohort_avg_engagement_sec,"Nov 20 – Dec 31, 2025",,,,,3,2025-11-23,,,,,,,,,,,,2.52,,,
cohort_avg_engagement_sec,"Nov 20 – Dec 31, 2025",,,,,4,2025-11-24,,,,,,,,,,,,51.86,,,
cohort_avg_engagement_sec,"Nov 20 – Dec 31, 2025",,,,,5,2025-11-25,,,,,,,,,,,,64.83,,,
cohort_avg_engagement_sec,"Nov 20 – Dec 31, 2025",,,,,6,2025-11-26,,,,,,,,,,,,29.45,,,
cohort_avg_engagement_sec,"Nov 20 – Dec 31, 2025",,,,,7,2025-11-27,,,,,,,,,,,,12.98,,,
cohort_avg_engagement_sec,"Nov 20 – Dec 31, 2025",,,,,8,2025-11-28,,,,,,,,,,,,6.74,,,
cohort_avg_engagement_sec,"Nov 20 – Dec 31, 2025",,,,,9,2025-11-29,,,,,,,,,,,,4.26,,,
cohort_avg_engagement_sec,"Nov 20 – Dec 31, 2025",,,,,10,2025-11-30,,,,,,,,,,,,,,,
cohort_avg_engagement_sec,"Nov 20 – Dec 31, 2025",,,,,11,2025-12-01,,,,,,,,,,,,,,,
cohort_avg_engagement_sec,"Nov 20 – Dec 31, 2025",,,,,12,2025-12-02,,,,,,,,,,,,39.98,,,
cohort_avg_engagement_sec,"Nov 20 – Dec 31, 2025",,,,,13,2025-12-03,,,,,,,,,,,,36.93,,,
cohort_avg_engagement_sec,"Nov 20 – Dec 31, 2025",,,,,14,2025-12-04,,,,,,,,,,,,0.76,,,
cohort_avg_engagement_sec,"Nov 20 – Dec 31, 2025",,,,,15,2025-12-05,,,,,,,,,,,,5.93,,,
cohort_avg_engagement_sec,"Nov 20 – Dec 31, 2025",,,,,16,2025-12-06,,,,,,,,,,,,,,,
cohort_avg_engagement_sec,"Nov 20 – Dec 31, 2025",,,,,17,2025-12-07,,,,,,,,,,,,0.05,,,
cohort_avg_engagement_sec,"Nov 20 – Dec 31, 2025",,,,,18,2025-12-08,,,,,,,,,,,,61.02,,,
cohort_avg_engagement_sec,"Nov 20 – Dec 31, 2025",,,,,19,2025-12-09,,,,,,,,,,,,17.98,,,
cohort_avg_engagement_sec,"Nov 20 – Dec 31, 2025",,,,,20,2025-12-10,,,,,,,,,,,,15.14,,,
cohort_avg_engagement_sec,"Nov 20 – Dec 31, 2025",,,,,21,2025-12-11,,,,,,,,,,,,19.02,,,
cohort_avg_engagement_sec,"Nov 20 – Dec 31, 2025",,,,,22,2025-12-12,,,,,,,,,,,,23.26,,,
cohort_avg_engagement_sec,"Nov 20 – Dec 31, 2025",,,,,23,2025-12-13,,,,,,,,,,,,22.12,,,
cohort_avg_engagement_sec,"Nov 20 – Dec 31, 2025",,,,,24,2025-12-14,,,,,,,,,,,,17.05,,,
cohort_avg_engagement_sec,"Nov 20 – Dec 31, 2025",,,,,25,2025-12-15,,,,,,,,,,,,30.0,,,
cohort_avg_engagement_sec,"Nov 20 – Dec 31, 2025",,,,,26,2025-12-16,,,,,,,,,,,,127.05,,,
cohort_avg_engagement_sec,"Nov 20 – Dec 31, 2025",,,,,27,2025-12-17,,,,,,,,,,,,19.38,,,
cohort_avg_engagement_sec,"Nov 20 – Dec 31, 2025",,,,,28,2025-12-18,,,,,,,,,,,,1.26,,,
cohort_avg_engagement_sec,"Nov 20 – Dec 31, 2025",,,,,29,2025-12-19,,,,,,,,,,,,4.95,,,
cohort_avg_engagement_sec,"Nov 20 – Dec 31, 2025",,,,,30,2025-12-20,,,,,,,,,,,,2.17,,,
cohort_avg_engagement_sec,"Nov 20 – Dec 31, 2025",,,,,31,2025-12-21,,,,,,,,,,,,3.57,,,
cohort_avg_engagement_sec,"Nov 20 – Dec 31, 2025",,,,,32,2025-12-22,,,,,,,,,,,,23.71,,,
cohort_avg_engagement_sec,"Nov 20 – Dec 31, 2025",,,,,33,2025-12-23,,,,,,,,,,,,9.17,,,
cohort_avg_engagement_sec,"Nov 20 – Dec 31, 2025",,,,,34,2025-12-24,,,,,,,,,,,,5.45,,,
cohort_avg_engagement_sec,"Nov 20 – Dec 31, 2025",,,,,35,2025-12-25,,,,,,,,,,,,36.05,,,
cohort_avg_engagement_sec,"Nov 20 – Dec 31, 2025",,,,,36,2025-12-26,,,,,,,,,,,,19.48,,,
cohort_avg_engagement_sec,"Nov 20 – Dec 31, 2025",,,,,37,2025-12-27,,,,,,,,,,,,3.17,,,
cohort_avg_engagement_sec,"Nov 20 – Dec 31, 2025",,,,,38,2025-12-28,,,,,,,,,,,,,,,
cohort_avg_engagement_sec,"Nov 20 – Dec 31, 2025",,,,,39,2025-12-29,,,,,,,,,,,,,,,
cohort_avg_engagement_sec,"Nov 20 – Dec 31, 2025",,,,,40,2025-12-30,,,,,,,,,,,,1.69,,,
cohort_avg_engagement_sec,"Nov 20 – Dec 31, 2025",,,,,41,2025-12-31,,,,,,,,,,,,,,,
cohort_120d_ltv,"Sep 3 – Dec 31, 2025",,,0,2025-09-03,,,,,,,,,,,,,,,0.053959,,
cohort_120d_ltv,"Sep 3 – Dec 31, 2025",,,1,2025-09-04,,,,,,,,,,,,,,,0.062399,0.00844,
cohort_120d_ltv,"Sep 3 – Dec 31, 2025",,,2,2025-09-05,,,,,,,,,,,,,,,0.068866,0.006467,
cohort_120d_ltv,"Sep 3 – Dec 31, 2025",,,3,2025-09-06,,,,,,,,,,,,,,,0.070695,0.001829,
cohort_120d_ltv,"Sep 3 – Dec 31, 2025",,,4,2025-09-07,,,,,,,,,,,,,,,0.073133,0.002438,
cohort_120d_ltv,"Sep 3 – Dec 31, 2025",,,5,2025-09-08,,,,,,,,,,,,,,,0.075342,0.002209,
cohort_120d_ltv,"Sep 3 – Dec 31, 2025",,,6,2025-09-09,,,,,,,,,,,,,,,0.076431,0.001089,
cohort_120d_ltv,"Sep 3 – Dec 31, 2025",,,7,2025-09-10,,,,,,,,,,,,,,,0.078028,0.001597,
cohort_120d_ltv,"Sep 3 – Dec 31, 2025",,,8,2025-09-11,,,,,,,,,,,,,,,0.078258,0.00023,
cohort_120d_ltv,"Sep 3 – Dec 31, 2025",,,9,2025-09-12,,,,,,,,,,,,,,,0.078838,0.00058,
cohort_120d_ltv,"Sep 3 – Dec 31, 2025",,,10,2025-09-13,,,,,,,,,,,,,,,0.08066,0.001822,
cohort_120d_ltv,"Sep 3 – Dec 31, 2025",,,11,2025-09-14,,,,,,,,,,,,,,,0.080743,8.3e-05,
cohort_120d_ltv,"Sep 3 – Dec 31, 2025",,,12,2025-09-15,,,,,,,,,,,,,,,0.082068,0.001325,
cohort_120d_ltv,"Sep 3 – Dec 31, 2025",,,13,2025-09-16,,,,,,,,,,,,,,,0.083269,0.001201,
cohort_120d_ltv,"Sep 3 – Dec 31, 2025",,,14,2025-09-17,,,,,,,,,,,,,,,0.084541,0.001272,
cohort_120d_ltv,"Sep 3 – Dec 31, 2025",,,15,2025-09-18,,,,,,,,,,,,,,,0.08519,0.000649,
cohort_120d_ltv,"Sep 3 – Dec 31, 2025",,,16,2025-09-19,,,,,,,,,,,,,,,0.085645,0.000455,
cohort_120d_ltv,"Sep 3 – Dec 31, 2025",,,17,2025-09-20,,,,,,,,,,,,,,,0.085884,0.000239,
cohort_120d_ltv,"Sep 3 – Dec 31, 2025",,,18,2025-09-21,,,,,,,,,,,,,,,0.087441,0.001557,
cohort_120d_ltv,"Sep 3 – Dec 31, 2025",,,19,2025-09-22,,,,,,,,,,,,,,,0.088389,0.000948,
cohort_120d_ltv,"Sep 3 – Dec 31, 2025",,,20,2025-09-23,,,,,,,,,,,,,,,0.090723,0.002334,
cohort_120d_ltv,"Sep 3 – Dec 31, 2025",,,21,2025-09-24,,,,,,,,,,,,,,,0.091982,0.001259,
cohort_120d_ltv,"Sep 3 – Dec 31, 2025",,,22,2025-09-25,,,,,,,,,,,,,,,0.093126,0.001144,
cohort_120d_ltv,"Sep 3 – Dec 31, 2025",,,23,2025-09-26,,,,,,,,,,,,,,,0.093364,0.000238,
cohort_120d_ltv,"Sep 3 – Dec 31, 2025",,,24,2025-09-27,,,,,,,,,,,,,,,0.094164,0.0008,
cohort_120d_ltv,"Sep 3 – Dec 31, 2025",,,25,2025-09-28,,,,,,,,,,,,,,,0.095895,0.001731,
cohort_120d_ltv,"Sep 3 – Dec 31, 2025",,,26,2025-09-29,,,,,,,,,,,,,,,0.097034,0.001139,
cohort_120d_ltv,"Sep 3 – Dec 31, 2025",,,27,2025-09-30,,,,,,,,,,,,,,,0.098463,0.001429,
cohort_120d_ltv,"Sep 3 – Dec 31, 2025",,,28,2025-10-01,,,,,,,,,,,,,,,0.098738,0.000275,
cohort_120d_ltv,"Sep 3 – Dec 31, 2025",,,29,2025-10-02,,,,,,,,,,,,,,,0.098981,0.000243,
cohort_120d_ltv,"Sep 3 – Dec 31, 2025",,,30,2025-10-03,,,,,,,,,,,,,,,0.100883,0.001902,
cohort_120d_ltv,"Sep 3 – Dec 31, 2025",,,31,2025-10-04,,,,,,,,,,,,,,,0.101225,0.000342,
cohort_120d_ltv,"Sep 3 – Dec 31, 2025",,,32,2025-10-05,,,,,,,,,,,,,,,0.101664,0.000439,
cohort_120d_ltv,"Sep 3 – Dec 31, 2025",,,33,2025-10-06,,,,,,,,,,,,,,,0.102191,0.000527,
cohort_120d_ltv,"Sep 3 – Dec 31, 2025",,,34,2025-10-07,,,,,,,,,,,,,,,0.102644,0.000453,
cohort_120d_ltv,"Sep 3 – Dec 31, 2025",,,35,2025-10-08,,,,,,,,,,,,,,,0.102925,0.000281,
cohort_120d_ltv,"Sep 3 – Dec 31, 2025",,,36,2025-10-09,,,,,,,,,,,,,,,0.103009,8.4e-05,
cohort_120d_ltv,"Sep 3 – Dec 31, 2025",,,37,2025-10-10,,,,,,,,,,,,,,,0.10318,0.000171,
cohort_120d_ltv,"Sep 3 – Dec 31, 2025",,,38,2025-10-11,,,,,,,,,,,,,,,0.103353,0.000173,
cohort_120d_ltv,"Sep 3 – Dec 31, 2025",,,39,2025-10-12,,,,,,,,,,,,,,,0.103689,0.000336,
cohort_120d_ltv,"Sep 3 – Dec 31, 2025",,,40,2025-10-13,,,,,,,,,,,,,,,0.10369,1e-06,
cohort_120d_ltv,"Sep 3 – Dec 31, 2025",,,41,2025-10-14,,,,,,,,,,,,,,,0.10369,,
cohort_120d_ltv,"Sep 3 – Dec 31, 2025",,,42,2025-10-15,,,,,,,,,,,,,,,0.103772,8.2e-05,
cohort_120d_ltv,"Sep 3 – Dec 31, 2025",,,43,2025-10-16,,,,,,,,,,,,,,,0.104161,0.000389,
cohort_120d_ltv,"Sep 3 – Dec 31, 2025",,,44,2025-10-17,,,,,,,,,,,,,,,0.104202,4.1e-05,
cohort_120d_ltv,"Sep 3 – Dec 31, 2025",,,45,2025-10-18,,,,,,,,,,,,,,,0.104202,,
cohort_120d_ltv,"Sep 3 – Dec 31, 2025",,,46,2025-10-19,,,,,,,,,,,,,,,0.105291,0.001089,
cohort_120d_ltv,"Sep 3 – Dec 31, 2025",,,47,2025-10-20,,,,,,,,,,,,,,,0.105508,0.000217,
cohort_120d_ltv,"Sep 3 – Dec 31, 2025",,,48,2025-10-21,,,,,,,,,,,,,,,0.105634,0.000126,
cohort_120d_ltv,"Sep 3 – Dec 31, 2025",,,49,2025-10-22,,,,,,,,,,,,,,,0.105826,0.000192,
cohort_120d_ltv,"Sep 3 – Dec 31, 2025",,,50,2025-10-23,,,,,,,,,,,,,,,0.106838,0.001012,
cohort_120d_ltv,"Sep 3 – Dec 31, 2025",,,51,2025-10-24,,,,,,,,,,,,,,,0.10694,0.000102,
cohort_120d_ltv,"Sep 3 – Dec 31, 2025",,,52,2025-10-25,,,,,,,,,,,,,,,0.107325,0.000385,
cohort_120d_ltv,"Sep 3 – Dec 31, 2025",,,53,2025-10-26,,,,,,,,,,,,,,,0.107373,4.8e-05,
cohort_120d_ltv,"Sep 3 – Dec 31, 2025",,,54,2025-10-27,,,,,,,,,,,,,,,0.107373,,
cohort_120d_ltv,"Sep 3 – Dec 31, 2025",,,55,2025-10-28,,,,,,,,,,,,,,,0.107417,4.4e-05,
cohort_120d_ltv,"Sep 3 – Dec 31, 2025",,,56,2025-10-29,,,,,,,,,,,,,,,0.107704,0.000287,
cohort_120d_ltv,"Sep 3 – Dec 31, 2025",,,57,2025-10-30,,,,,,,,,,,,,,,0.108323,0.000619,
cohort_120d_ltv,"Sep 3 – Dec 31, 2025",,,58,2025-10-31,,,,,,,,,,,,,,,0.108889,0.000566,
cohort_120d_ltv,"Sep 3 – Dec 31, 2025",,,59,2025-11-01,,,,,,,,,,,,,,,0.109225,0.000336,
cohort_120d_ltv,"Sep 3 – Dec 31, 2025",,,60,2025-11-02,,,,,,,,,,,,,,,0.109225,,
cohort_120d_ltv,"Sep 3 – Dec 31, 2025",,,61,2025-11-03,,,,,,,,,,,,,,,0.109359,0.000134,
cohort_120d_ltv,"Sep 3 – Dec 31, 2025",,,62,2025-11-04,,,,,,,,,,,,,,,0.109716,0.000357,
cohort_120d_ltv,"Sep 3 – Dec 31, 2025",,,63,2025-11-05,,,,,,,,,,,,,,,0.109878,0.000162,
cohort_120d_ltv,"Sep 3 – Dec 31, 2025",,,64,2025-11-06,,,,,,,,,,,,,,,0.109878,,
cohort_120d_ltv,"Sep 3 – Dec 31, 2025",,,65,2025-11-07,,,,,,,,,,,,,,,0.11005,0.000172,
cohort_120d_ltv,"Sep 3 – Dec 31, 2025",,,66,2025-11-08,,,,,,,,,,,,,,,0.110572,0.000522,
cohort_120d_ltv,"Sep 3 – Dec 31, 2025",,,67,2025-11-09,,,,,,,,,,,,,,,0.110714,0.000142,
cohort_120d_ltv,"Sep 3 – Dec 31, 2025",,,68,2025-11-10,,,,,,,,,,,,,,,0.110714,,
cohort_120d_ltv,"Sep 3 – Dec 31, 2025",,,69,2025-11-11,,,,,,,,,,,,,,,0.111382,0.000668,
cohort_120d_ltv,"Sep 3 – Dec 31, 2025",,,70,2025-11-12,,,,,,,,,,,,,,,0.111672,0.00029,
cohort_120d_ltv,"Sep 3 – Dec 31, 2025",,,71,2025-11-13,,,,,,,,,,,,,,,0.111723,5.1e-05,
cohort_120d_ltv,"Sep 3 – Dec 31, 2025",,,72,2025-11-14,,,,,,,,,,,,,,,0.112283,0.00056,
cohort_120d_ltv,"Sep 3 – Dec 31, 2025",,,73,2025-11-15,,,,,,,,,,,,,,,0.112483,0.0002,
cohort_120d_ltv,"Sep 3 – Dec 31, 2025",,,74,2025-11-16,,,,,,,,,,,,,,,0.113095,0.000612,
cohort_120d_ltv,"Sep 3 – Dec 31, 2025",,,75,2025-11-17,,,,,,,,,,,,,,,0.113095,,
cohort_120d_ltv,"Sep 3 – Dec 31, 2025",,,76,2025-11-18,,,,,,,,,,,,,,,0.113414,0.000319,
cohort_120d_ltv,"Sep 3 – Dec 31, 2025",,,77,2025-11-19,,,,,,,,,,,,,,,0.113475,6.1e-05,
cohort_120d_ltv,"Sep 3 – Dec 31, 2025",,,78,2025-11-20,,,,,,,,,,,,,,,0.113725,0.00025,
cohort_120d_ltv,"Sep 3 – Dec 31, 2025",,,79,2025-11-21,,,,,,,,,,,,,,,0.113962,0.000237,
cohort_120d_ltv,"Sep 3 – Dec 31, 2025",,,80,2025-11-22,,,,,,,,,,,,,,,0.11406,9.8e-05,
cohort_120d_ltv,"Sep 3 – Dec 31, 2025",,,81,2025-11-23,,,,,,,,,,,,,,,0.114563,0.000503,
cohort_120d_ltv,"Sep 3 – Dec 31, 2025",,,82,2025-11-24,,,,,,,,,,,,,,,0.114578,1.5e-05,
cohort_120d_ltv,"Sep 3 – Dec 31, 2025",,,83,2025-11-25,,,,,,,,,,,,,,,0.114639,6.1e-05,
cohort_120d_ltv,"Sep 3 – Dec 31, 2025",,,84,2025-11-26,,,,,,,,,,,,,,,0.114973,0.000334,
cohort_120d_ltv,"Sep 3 – Dec 31, 2025",,,85,2025-11-27,,,,,,,,,,,,,,,0.115209,0.000236,
cohort_120d_ltv,"Sep 3 – Dec 31, 2025",,,86,2025-11-28,,,,,,,,,,,,,,,0.115209,,
cohort_120d_ltv,"Sep 3 – Dec 31, 2025",,,87,2025-11-29,,,,,,,,,,,,,,,0.115209,,
cohort_120d_ltv,"Sep 3 – Dec 31, 2025",,,88,2025-11-30,,,,,,,,,,,,,,,0.115286,7.7e-05,
cohort_120d_ltv,"Sep 3 – Dec 31, 2025",,,89,2025-12-01,,,,,,,,,,,,,,,0.115286,,
cohort_120d_ltv,"Sep 3 – Dec 31, 2025",,,90,2025-12-02,,,,,,,,,,,,,,,0.115976,0.00069,
cohort_120d_ltv,"Sep 3 – Dec 31, 2025",,,91,2025-12-03,,,,,,,,,,,,,,,0.116393,0.000417,
cohort_120d_ltv,"Sep 3 – Dec 31, 2025",,,92,2025-12-04,,,,,,,,,,,,,,,0.116477,8.4e-05,
cohort_120d_ltv,"Sep 3 – Dec 31, 2025",,,93,2025-12-05,,,,,,,,,,,,,,,0.116477,,
cohort_120d_ltv,"Sep 3 – Dec 31, 2025",,,94,2025-12-06,,,,,,,,,,,,,,,0.116587,0.00011,
cohort_120d_ltv,"Sep 3 – Dec 31, 2025",,,95,2025-12-07,,,,,,,,,,,,,,,0.116729,0.000142,
cohort_120d_ltv,"Sep 3 – Dec 31, 2025",,,96,2025-12-08,,,,,,,,,,,,,,,0.116765,3.6e-05,
cohort_120d_ltv,"Sep 3 – Dec 31, 2025",,,97,2025-12-09,,,,,,,,,,,,,,,0.116765,,
cohort_120d_ltv,"Sep 3 – Dec 31, 2025",,,98,2025-12-10,,,,,,,,,,,,,,,0.116765,,
cohort_120d_ltv,"Sep 3 – Dec 31, 2025",,,99,2025-12-11,,,,,,,,,,,,,,,0.116765,,
cohort_120d_ltv,"Sep 3 – Dec 31, 2025",,,100,2025-12-12,,,,,,,,,,,,,,,0.116785,2e-05,
cohort_120d_ltv,"Sep 3 – Dec 31, 2025",,,101,2025-12-13,,,,,,,,,,,,,,,0.116785,,
cohort_120d_ltv,"Sep 3 – Dec 31, 2025",,,102,2025-12-14,,,,,,,,,,,,,,,0.118157,0.001372,
cohort_120d_ltv,"Sep 3 – Dec 31, 2025",,,103,2025-12-15,,,,,,,,,,,,,,,0.118445,0.000288,
cohort_120d_ltv,"Sep 3 – Dec 31, 2025",,,104,2025-12-16,,,,,,,,,,,,,,,0.118445,,
cohort_120d_ltv,"Sep 3 – Dec 31, 2025",,,105,2025-12-17,,,,,,,,,,,,,,,0.118583,0.000138,
cohort_120d_ltv,"Sep 3 – Dec 31, 2025",,,106,2025-12-18,,,,,,,,,,,,,,,0.118583,,
cohort_120d_ltv,"Sep 3 – Dec 31, 2025",,,107,2025-12-19,,,,,,,,,,,,,,,0.118617,3.4e-05,
cohort_120d_ltv,"Sep 3 – Dec 31, 2025",,,108,2025-12-20,,,,,,,,,,,,,,,0.118664,4.7e-05,
cohort_120d_ltv,"Sep 3 – Dec 31, 2025",,,109,2025-12-21,,,,,,,,,,,,,,,0.118664,,
cohort_120d_ltv,"Sep 3 – Dec 31, 2025",,,110,2025-12-22,,,,,,,,,,,,,,,0.118851,0.000187,
cohort_120d_ltv,"Sep 3 – Dec 31, 2025",,,111,2025-12-23,,,,,,,,,,,,,,,0.118887,3.6e-05,
cohort_120d_ltv,"Sep 3 – Dec 31, 2025",,,112,2025-12-24,,,,,,,,,,,,,,,0.118887,,
cohort_120d_ltv,"Sep 3 – Dec 31, 2025",,,113,2025-12-25,,,,,,,,,,,,,,,0.118887,,
cohort_120d_ltv,"Sep 3 – Dec 31, 2025",,,114,2025-12-26,,,,,,,,,,,,,,,0.118887,,
cohort_120d_ltv,"Sep 3 – Dec 31, 2025",,,115,2025-12-27,,,,,,,,,,,,,,,0.119032,0.000145,
cohort_120d_ltv,"Sep 3 – Dec 31, 2025",,,116,2025-12-28,,,,,,,,,,,,,,,0.119032,,
cohort_120d_ltv,"Sep 3 – Dec 31, 2025",,,117,2025-12-29,,,,,,,,,,,,,,,0.119032,,
cohort_120d_ltv,"Sep 3 – Dec 31, 2025",,,118,2025-12-30,,,,,,,,,,,,,,,0.119128,9.6e-05,
cohort_120d_ltv,"Sep 3 – Dec 31, 2025",,,119,2025-12-31,,,,,,,,,,,,,,,0.119218,9e-05,
