section,screen_class,city,platform,audience,type,source_medium,active_users,new_users,returning_users,total_users,avg_engagement_time_sec,event_count,views,bounce_rate,views_per_user,day_number,key_events,sessions
overview,,,,,,,1825,1271,,,1226.86,191985,,,,,,
screen_views,Fullscreen Ad,,,,,,1419,,,,,77868,45869,0.0153,32.32,,,
screen_views,Game Running,,,,,,1812,,,,,102054,27432,0.141,15.14,,,
screen_views,Store / Purchase,,,,,,90,,,,,353,297,0.019,3.3,,,
screen_views,Share Sheet,,,,,,67,,,,,230,149,0.0189,2.22,,,
screen_views,Share Preview,,,,,,19,,,,,83,53,0.0,2.79,,,
screen_views,Ad Debug Test,,,,,,8,,,,,16,15,0.0,1.88,,,
screen_views,Game Popup,,,,,,12,,,,,27,12,0.0,1.0,,,
screen_views,Share via SMS,,,,,,6,,,,,15,6,0.1667,1.0,,,
screen_views,Ad Browser,,,,,,4,,,,,10,4,0.0,1.0,,,
screen_views,Share to Social,,,,,,3,,,,,11,4,0.0,1.33,,,
screen_views,Share via AirDrop,,,,,,2,,,,,4,2,0.0,1.0,,,
screen_views,System Card,,,,,,1,,,,,4,2,0.0,2.0,,,
user_retention,,,,,,,,1,16,17,,,,,,0,,
user_retention,,,,,,,,0,8,8,,,,,,1,,
user_retention,,,,,,,,0,11,11,,,,,,2,,
user_retention,,,,,,,,1,9,10,,,,,,3,,
user_retention,,,,,,,,0,19,19,,,,,,4,,
user_retention,,,,,,,,1,11,12,,,,,,5,,
user_retention,,,,,,,,0,11,11,,,,,,6,,
user_retention,,,,,,,,0,9,9,,,,,,7,,
user_retention,,,,,,,,2,10,12,,,,,,8,,
user_retention,,,,,,,,6,12,18,,,,,,9,,
user_retention,,,,,,,,8,24,32,,,,,,10,,
user_retention,,,,,,,,9,24,33,,,,,,11,,
user_retention,,,,,,,,4,11,15,,,,,,12,,
user_retention,,,,,,,,2,18,20,,,,,,13,,
user_retention,,,,,,,,4,16,20,,,,,,14,,
user_retention,,,,,,,,2,9,11,,,,,,15,,
user_retention,,,,,,,,5,17,22,,,,,,16,,
user_retention,,,,,,,,7,19,26,,,,,,17,,
user_retention,,,,,,,,10,16,26,,,,,,18,,
user_retention,,,,,,,,5,24,29,,,,,,19,,
user_retention,,,,,,,,5,20,25,,,,,,20,,
user_retention,,,,,,,,5,15,20,,,,,,21,,
user_retention,,,,,,,,4,16,20,,,,,,22,,
user_retention,,,,,,,,7,22,29,,,,,,23,,
user_retention,,,,,,,,6,18,24,,,,,,24,,
user_retention,,,,,,,,6,20,26,,,,,,25,,
user_retention,,,,,,,,6,19,25,,,,,,26,,
user_retention,,,,,,,,12,23,35,,,,,,27,,
user_retention,,,,,,,,3,16,19,,,,,,28,,
user_retention,,,,,,,,3,18,21,,,,,,29,,
user_retention,,,,,,,,6,21,27,,,,,,30,,
user_retention,,,,,,,,5,24,29,,,,,,31,,
user_retention,,,,,,,,4,25,29,,,,,,32,,
user_retention,,,,,,,,4,16,20,,,,,,33,,
user_retention,,,,,,,,6,14,20,,,,,,34,,
user_retention,,,,,,,,3,19,22,,,,,,35,,
user_retention,,,,,,,,7,14,21,,,,,,36,,
user_retention,,,,,,,,4,19,23,,,,,,37,,
user_retention,,,,,,,,8,30,38,,,,,,38,,
user_retention,,,,,,,,11,29,40,,,,,,39,,
user_retention,,,,,,,,3,17,20,,,,,,40,,
user_retention,,,,,,,,3,20,23,,,,,,41,,
user_retention,,,,,,,,6,13,19,,,,,,42,,
user_retention,,,,,,,,12,21,33,,,,,,43,,
user_retention,,,,,,,,5,19,24,,,,,,44,,
user_retention,,,,,,,,6,23,29,,,,,,45,,
user_retention,,,,,,,,7,27,34,,,,,,46,,
user_retention,,,,,,,,6,21,27,,,,,,47,,
user_retention,,,,,,,,5,22,27,,,,,,48,,
user_retention,,,,,,,,3,22,25,,,,,,49,,
user_retention,,,,,,,,4,21,25,,,,,,50,,
user_retention,,,,,,,,10,24,34,,,,,,51,,
user_retention,,,,,,,,4,32,36,,,,,,52,,
user_retention,,,,,,,,9,34,43,,,,,,53,,
user_retention,,,,,,,,4,23,27,,,,,,54,,
user_retention,,,,,,,,4,17,21,,,,,,55,,
user_retention,,,,,,,,1,18,19,,,,,,56,,
user_retention,,,,,,,,0,17,17,,,,,,57,,
user_retention,,,,,,,,5,17,22,,,,,,58,,
user_retention,,,,,,,,5,24,29,,,,,,59,,
user_retention,,,,,,,,5,18,23,,,,,,60,,
user_retention,,,,,,,,3,11,14,,,,,,61,,
user_retention,,,,,,,,3,13,16,,,,,,62,,
user_retention,,,,,,,,2,13,15,,,,,,63,,
user_retention,,,,,,,,4,15,19,,,,,,64,,
user_retention,,,,,,,,3,17,20,,,,,,65,,
user_retention,,,,,,,,5,26,31,,,,,,66,,
user_retention,,,,,,,,5,19,24,,,,,,67,,
user_retention,,,,,,,,4,18,22,,,,,,68,,
user_retention,,,,,,,,8,16,24,,,,,,69,,
user_retention,,,,,,,,4,21,25,,,,,,70,,
user_retention,,,,,,,,2,13,15,,,,,,71,,
user_retention,,,,,,,,1,26,27,,,,,,72,,
user_retention,,,,,,,,6,26,32,,,,,,73,,
user_retention,,,,,,,,10,32,42,,,,,,74,,
user_retention,,,,,,,,3,15,18,,,,,,75,,
user_retention,,,,,,,,5,19,24,,,,,,76,,
user_retention,,,,,,,,3,15,18,,,,,,77,,
user_retention,,,,,,,,8,18,26,,,,,,78,,
user_retention,,,,,,,,5,25,30,,,,,,79,,
user_retention,,,,,,,,4,29,33,,,,,,80,,
user_retention,,,,,,,,5,25,30,,,,,,81,,
user_retention,,,,,,,,2,25,27,,,,,,82,,
user_retention,,,,,,,,7,22,29,,,,,,83,,
user_retention,,,,,,,,5,17,22,,,,,,84,,
user_retention,,,,,,,,4,23,27,,,,,,85,,
user_retention,,,,,,,,6,23,29,,,,,,86,,
user_retention,,,,,,,,5,24,29,,,,,,87,,
user_retention,,,,,,,,7,27,34,,,,,,88,,
user_retention,,,,,,,,8,20,28,,,,,,89,,
user_retention,,,,,,,,5,24,29,,,,,,90,,
user_retention,,,,,,,,6,24,30,,,,,,91,,
user_retention,,,,,,,,6,27,33,,,,,,92,,
user_retention,,,,,,,,4,16,20,,,,,,93,,
user_retention,,,,,,,,7,31,38,,,,,,94,,
user_retention,,,,,,,,4,33,37,,,,,,95,,
user_retention,,,,,,,,4,18,22,,,,,,96,,
user_retention,,,,,,,,6,18,24,,,,,,97,,
user_retention,,,,,,,,3,14,17,,,,,,98,,
user_retention,,,,,,,,2,15,17,,,,,,99,,
user_retention,,,,,,,,9,20,29,,,,,,100,,
user_retention,,,,,,,,4,22,26,,,,,,101,,
user_retention,,,,,,,,3,28,31,,,,,,102,,
user_retention,,,,,,,,6,22,28,,,,,,103,,
user_retention,,,,,,,,6,16,22,,,,,,104,,
user_retention,,,,,,,,8,28,36,,,,,,105,,
user_retention,,,,,,,,4,25,29,,,,,,106,,
user_retention,,,,,,,,5,29,34,,,,,,107,,
user_retention,,,,,,,,2,26,28,,,,,,108,,
user_retention,,,,,,,,6,21,27,,,,,,109,,
user_retention,,,,,,,,5,23,28,,,,,,110,,
user_retention,,,,,,,,6,13,19,,,,,,111,,
user_retention,,,,,,,,3,20,23,,,,,,112,,
user_retention,,,,,,,,5,13,18,,,,,,113,,
user_retention,,,,,,,,7,22,29,,,,,,114,,
user_retention,,,,,,,,1,22,23,,,,,,115,,
user_retention,,,,,,,,2,20,22,,,,,,116,,
user_retention,,,,,,,,3,16,19,,,,,,117,,
user_retention,,,,,,,,6,9,15,,,,,,118,,
user_retention,,,,,,,,0,12,12,,,,,,119,,
user_retention,,,,,,,,1,17,18,,,,,,120,,
user_retention,,,,,,,,2,26,28,,,,,,121,,
user_retention,,,,,,,,4,21,25,,,,,,122,,
user_retention,,,,,,,,4,20,24,,,,,,123,,
user_retention,,,,,,,,3,12,15,,,,,,124,,
user_retention,,,,,,,,1,6,7,,,,,,125,,
user_retention,,,,,,,,3,13,16,,,,,,126,,
user_retention,,,,,,,,5,17,22,,,,,,127,,
user_retention,,,,,,,,3,20,23,,,,,,128,,
user_retention,,,,,,,,1,11,12,,,,,,129,,
user_retention,,,,,,,,5,25,30,,,,,,130,,
user_retention,,,,,,,,5,17,22,,,,,,131,,
user_retention,,,,,,,,2,16,18,,,,,,132,,
user_retention,,,,,,,,4,14,18,,,,,,133,,
user_retention,,,,,,,,0,16,16,,,,,,134,,
user_retention,,,,,,,,3,12,15,,,,,,135,,
user_retention,,,,,,,,4,17,21,,,,,,136,,
user_retention,,,,,,,,4,19,23,,,,,,137,,
user_retention,,,,,,,,3,11,14,,,,,,138,,
user_retention,,,,,,,,3,9,12,,,,,,139,,
user_retention,,,,,,,,7,15,22,,,,,,140,,
user_retention,,,,,,,,6,12,18,,,,,,141,,
user_retention,,,,,,,,3,20,23,,,,,,142,,
user_retention,,,,,,,,5,24,29,,,,,,143,,
user_retention,,,,,,,,4,21,25,,,,,,144,,
user_retention,,,,,,,,2,17,19,,,,,,145,,
user_retention,,,,,,,,3,14,17,,,,,,146,,
user_retention,,,,,,,,3,17,20,,,,,,147,,
user_retention,,,,,,,,3,12,15,,,,,,148,,
user_retention,,,,,,,,4,17,21,,,,,,149,,
user_retention,,,,,,,,7,23,30,,,,,,150,,
user_retention,,,,,,,,8,18,26,,,,,,151,,
user_retention,,,,,,,,2,12,14,,,,,,152,,
user_retention,,,,,,,,3,18,21,,,,,,153,,
user_retention,,,,,,,,3,18,21,,,,,,154,,
user_retention,,,,,,,,1,16,17,,,,,,155,,
user_retention,,,,,,,,3,16,19,,,,,,156,,
user_retention,,,,,,,,1,25,26,,,,,,157,,
user_retention,,,,,,,,6,24,30,,,,,,158,,
user_retention,,,,,,,,2,17,19,,,,,,159,,
user_retention,,,,,,,,3,10,13,,,,,,160,,
user_retention,,,,,,,,2,21,23,,,,,,161,,
user_retention,,,,,,,,4,13,17,,,,,,162,,
user_retention,,,,,,,,2,21,23,,,,,,163,,
user_retention,,,,,,,,2,15,17,,,,,,164,,
user_retention,,,,,,,,3,20,23,,,,,,165,,
user_retention,,,,,,,,2,20,22,,,,,,166,,
user_retention,,,,,,,,1,15,16,,,,,,167,,
user_retention,,,,,,,,1,9,10,,,,,,168,,
user_retention,,,,,,,,2,19,21,,,,,,169,,
user_retention,,,,,,,,3,17,20,,,,,,170,,
user_retention,,,,,,,,7,19,26,,,,,,171,,
user_retention,,,,,,,,4,13,17,,,,,,172,,
user_retention,,,,,,,,2,18,20,,,,,,173,,
user_retention,,,,,,,,3,8,11,,,,,,174,,
user_retention,,,,,,,,3,7,10,,,,,,175,,
user_retention,,,,,,,,4,22,26,,,,,,176,,
user_retention,,,,,,,,3,18,21,,,,,,177,,
user_retention,,,,,,,,1,15,16,,,,,,178,,
user_retention,,,,,,,,1,16,17,,,,,,179,,
user_retention,,,,,,,,1,14,15,,,,,,180,,
user_retention,,,,,,,,2,11,13,,,,,,181,,
user_retention,,,,,,,,4,12,16,,,,,,182,,
user_retention,,,,,,,,1,9,10,,,,,,183,,
user_retention,,,,,,,,2,19,21,,,,,,184,,
user_retention,,,,,,,,5,12,17,,,,,,185,,
user_retention,,,,,,,,7,14,21,,,,,,186,,
user_retention,,,,,,,,5,19,24,,,,,,187,,
user_retention,,,,,,,,0,16,16,,,,,,188,,
user_retention,,,,,,,,4,16,20,,,,,,189,,
user_retention,,,,,,,,4,19,23,,,,,,190,,
user_retention,,,,,,,,1,15,16,,,,,,191,,
user_retention,,,,,,,,4,22,26,,,,,,192,,
user_retention,,,,,,,,4,13,17,,,,,,193,,
user_retention,,,,,,,,3,12,15,,,,,,194,,
user_retention,,,,,,,,4,11,15,,,,,,195,,
user_retention,,,,,,,,3,10,13,,,,,,196,,
user_retention,,,,,,,,2,16,18,,,,,,197,,
user_retention,,,,,,,,1,11,12,,,,,,198,,
user_retention,,,,,,,,2,13,15,,,,,,199,,
user_retention,,,,,,,,4,14,18,,,,,,200,,
user_retention,,,,,,,,1,14,15,,,,,,201,,
user_retention,,,,,,,,3,13,16,,,,,,202,,
user_retention,,,,,,,,2,16,18,,,,,,203,,
user_retention,,,,,,,,1,7,8,,,,,,204,,
user_retention,,,,,,,,5,14,19,,,,,,205,,
user_retention,,,,,,,,4,19,23,,,,,,206,,
user_retention,,,,,,,,0,11,11,,,,,,207,,
user_retention,,,,,,,,6,18,24,,,,,,208,,
user_retention,,,,,,,,2,13,15,,,,,,209,,
user_retention,,,,,,,,2,12,14,,,,,,210,,
user_retention,,,,,,,,3,17,20,,,,,,211,,
user_retention,,,,,,,,5,10,15,,,,,,212,,
user_retention,,,,,,,,4,15,19,,,,,,213,,
user_retention,,,,,,,,5,14,19,,,,,,214,,
user_retention,,,,,,,,2,12,14,,,,,,215,,
user_retention,,,,,,,,3,15,18,,,,,,216,,
user_retention,,,,,,,,3,12,15,,,,,,217,,
user_retention,,,,,,,,1,15,16,,,,,,218,,
user_retention,,,,,,,,4,7,11,,,,,,219,,
user_retention,,,,,,,,0,15,15,,,,,,220,,
user_retention,,,,,,,,2,12,14,,,,,,221,,
user_retention,,,,,,,,0,13,13,,,,,,222,,
user_retention,,,,,,,,5,14,19,,,,,,223,,
user_retention,,,,,,,,2,11,13,,,,,,224,,
user_retention,,,,,,,,0,8,8,,,,,,225,,
user_retention,,,,,,,,1,15,16,,,,,,226,,
user_retention,,,,,,,,3,5,8,,,,,,227,,
user_retention,,,,,,,,5,13,18,,,,,,228,,
user_retention,,,,,,,,2,11,13,,,,,,229,,
user_retention,,,,,,,,0,15,15,,,,,,230,,
user_retention,,,,,,,,4,16,20,,,,,,231,,
user_retention,,,,,,,,3,16,19,,,,,,232,,
user_retention,,,,,,,,6,12,18,,,,,,233,,
user_retention,,,,,,,,4,18,22,,,,,,234,,
user_retention,,,,,,,,3,12,15,,,,,,235,,
user_retention,,,,,,,,1,11,12,,,,,,236,,
user_retention,,,,,,,,2,3,5,,,,,,237,,
user_retention,,,,,,,,2,10,12,,,,,,238,,
user_retention,,,,,,,,1,6,7,,,,,,239,,
user_retention,,,,,,,,6,15,21,,,,,,240,,
user_retention,,,,,,,,4,22,26,,,,,,241,,
user_retention,,,,,,,,3,9,12,,,,,,242,,
user_retention,,,,,,,,3,13,16,,,,,,243,,
user_retention,,,,,,,,5,11,16,,,,,,244,,
user_retention,,,,,,,,1,3,4,,,,,,245,,
user_retention,,,,,,,,3,11,14,,,,,,246,,
user_retention,,,,,,,,3,6,9,,,,,,247,,
user_retention,,,,,,,,8,22,30,,,,,,248,,
user_retention,,,,,,,,3,16,19,,,,,,249,,
user_retention,,,,,,,,3,10,13,,,,,,250,,
user_retention,,,,,,,,1,10,11,,,,,,251,,
user_retention,,,,,,,,1,11,12,,,,,,252,,
user_retention,,,,,,,,2,13,15,,,,,,253,,
user_retention,,,,,,,,3,12,15,,,,,,254,,
user_retention,,,,,,,,4,18,22,,,,,,255,,
user_retention,,,,,,,,5,13,18,,,,,,256,,
user_retention,,,,,,,,4,10,14,,,,,,257,,
user_retention,,,,,,,,3,8,11,,,,,,258,,
user_retention,,,,,,,,8,13,21,,,,,,259,,
user_retention,,,,,,,,3,15,18,,,,,,260,,
user_retention,,,,,,,,3,15,18,,,,,,261,,
user_retention,,,,,,,,2,19,21,,,,,,262,,
user_retention,,,,,,,,3,22,25,,,,,,263,,
user_retention,,,,,,,,2,7,9,,,,,,264,,
user_retention,,,,,,,,4,12,16,,,,,,265,,
user_retention,,,,,,,,3,7,10,,,,,,266,,
user_retention,,,,,,,,2,10,12,,,,,,267,,
user_retention,,,,,,,,4,15,19,,,,,,268,,
user_retention,,,,,,,,4,20,24,,,,,,269,,
user_retention,,,,,,,,5,15,20,,,,,,270,,
user_retention,,,,,,,,5,12,17,,,,,,271,,
user_retention,,,,,,,,2,5,7,,,,,,272,,
user_retention,,,,,,,,1,10,11,,,,,,273,,
user_retention,,,,,,,,2,13,15,,,,,,274,,
user_retention,,,,,,,,3,14,17,,,,,,275,,
user_retention,,,,,,,,2,12,14,,,,,,276,,
user_retention,,,,,,,,1,15,16,,,,,,277,,
user_retention,,,,,,,,1,8,9,,,,,,278,,
user_retention,,,,,,,,3,9,12,,,,,,279,,
user_retention,,,,,,,,6,9,15,,,,,,280,,
user_retention,,,,,,,,4,13,17,,,,,,281,,
user_retention,,,,,,,,7,18,25,,,,,,282,,
user_retention,,,,,,,,5,20,25,,,,,,283,,
user_retention,,,,,,,,3,21,24,,,,,,284,,
user_retention,,,,,,,,5,15,20,,,,,,285,,
user_retention,,,,,,,,4,8,12,,,,,,286,,
user_retention,,,,,,,,2,17,19,,,,,,287,,
user_retention,,,,,,,,2,11,13,,,,,,288,,
user_retention,,,,,,,,1,11,12,,,,,,289,,
user_retention,,,,,,,,1,16,17,,,,,,290,,
user_retention,,,,,,,,5,16,21,,,,,,291,,
user_retention,,,,,,,,3,17,20,,,,,,292,,
user_retention,,,,,,,,2,10,12,,,,,,293,,
user_retention,,,,,,,,2,5,7,,,,,,294,,
user_retention,,,,,,,,2,10,12,,,,,,295,,
user_retention,,,,,,,,3,19,22,,,,,,296,,
user_retention,,,,,,,,3,18,21,,,,,,297,,
user_retention,,,,,,,,2,13,15,,,,,,298,,
user_retention,,,,,,,,1,5,6,,,,,,299,,
user_retention,,,,,,,,1,4,5,,,,,,300,,
user_retention,,,,,,,,2,12,14,,,,,,301,,
user_retention,,,,,,,,4,11,15,,,,,,302,,
user_retention,,,,,,,,2,7,9,,,,,,303,,
user_retention,,,,,,,,2,13,15,,,,,,304,,
user_retention,,,,,,,,2,19,21,,,,,,305,,
user_retention,,,,,,,,1,13,14,,,,,,306,,
user_retention,,,,,,,,2,6,8,,,,,,307,,
user_retention,,,,,,,,0,16,16,,,,,,308,,
user_retention,,,,,,,,1,8,9,,,,,,309,,
user_retention,,,,,,,,3,14,17,,,,,,310,,
user_retention,,,,,,,,0,17,17,,,,,,311,,
user_retention,,,,,,,,1,17,18,,,,,,312,,
user_retention,,,,,,,,2,11,13,,,,,,313,,
user_retention,,,,,,,,0,11,11,,,,,,314,,
user_retention,,,,,,,,1,12,13,,,,,,315,,
user_retention,,,,,,,,2,11,13,,,,,,316,,
user_retention,,,,,,,,4,13,17,,,,,,317,,
user_retention,,,,,,,,7,16,23,,,,,,318,,
user_retention,,,,,,,,6,13,19,,,,,,319,,
user_retention,,,,,,,,2,11,13,,,,,,320,,
user_retention,,,,,,,,2,10,12,,,,,,321,,
user_retention,,,,,,,,4,9,13,,,,,,322,,
user_retention,,,,,,,,5,14,19,,,,,,323,,
user_retention,,,,,,,,1,7,8,,,,,,324,,
user_retention,,,,,,,,3,16,19,,,,,,325,,
user_retention,,,,,,,,4,13,17,,,,,,326,,
user_retention,,,,,,,,1,9,10,,,,,,327,,
user_retention,,,,,,,,0,6,6,,,,,,328,,
user_retention,,,,,,,,6,18,24,,,,,,329,,
user_retention,,,,,,,,1,14,15,,,,,,330,,
user_retention,,,,,,,,6,13,19,,,,,,331,,
user_retention,,,,,,,,1,16,17,,,,,,332,,
user_retention,,,,,,,,3,17,20,,,,,,333,,
user_retention,,,,,,,,2,10,12,,,,,,334,,
user_retention,,,,,,,,0,3,3,,,,,,335,,
user_retention,,,,,,,,2,5,7,,,,,,336,,
user_retention,,,,,,,,2,7,9,,,,,,337,,
user_retention,,,,,,,,4,12,16,,,,,,338,,
user_retention,,,,,,,,5,16,21,,,,,,339,,
user_retention,,,,,,,,7,17,24,,,,,,340,,
user_retention,,,,,,,,3,11,14,,,,,,341,,
user_retention,,,,,,,,3,9,12,,,,,,342,,
user_retention,,,,,,,,2,9,11,,,,,,343,,
user_retention,,,,,,,,6,10,16,,,,,,344,,
user_retention,,,,,,,,1,10,11,,,,,,345,,
user_retention,,,,,,,,0,15,15,,,,,,346,,
user_retention,,,,,,,,5,17,22,,,,,,347,,
user_retention,,,,,,,,2,10,12,,,,,,348,,
user_retention,,,,,,,,1,11,12,,,,,,349,,
user_retention,,,,,,,,1,11,12,,,,,,350,,
user_retention,,,,,,,,0,10,10,,,,,,351,,
user_retention,,,,,,,,1,9,10,,,,,,352,,
user_retention,,,,,,,,2,7,9,,,,,,353,,
user_retention,,,,,,,,2,13,15,,,,,,354,,
user_retention,,,,,,,,1,6,7,,,,,,355,,
user_retention,,,,,,,,0,9,9,,,,,,356,,
user_retention,,,,,,,,1,12,13,,,,,,357,,
user_retention,,,,,,,,8,14,22,,,,,,358,,
user_retention,,,,,,,,6,12,18,,,,,,359,,
user_retention,,,,,,,,2,7,9,,,,,,360,,
user_retention,,,,,,,,5,8,13,,,,,,361,,
user_retention,,,,,,,,7,14,21,,,,,,362,,
user_retention,,,,,,,,2,15,17,,,,,,363,,
user_retention,,,,,,,,4,11,15,,,,,,364,,
city,,New York,,,,,38,,,,,,,,,,,
city,,Los Angeles,,,,,36,,,,,,,,,,,
city,,Chicago,,,,,34,,,,,,,,,,,
city,,Dallas,,,,,33,,,,,,,,,,,
city,,Atlanta,,,,,31,,,,,,,,,,,
city,,Houston,,,,,31,,,,,,,,,,,
city,,Melbourne,,,,,26,,,,,,,,,,,
city,,London,,,,,24,,,,,,,,,,,
city,,Orlando,,,,,23,,,,,,,,,,,
city,,Seattle,,,,,23,,,,,,,,,,,
city,,Sydney,,,,,22,,,,,,,,,,,
city,,Brisbane,,,,,20,,,,,,,,,,,
city,,Columbus,,,,,18,,,,,,,,,,,
city,,Nashville,,,,,18,,,,,,,,,,,
city,,New Orleans,,,,,18,,,,,,,,,,,
city,,Philadelphia,,,,,18,,,,,,,,,,,
city,,San Diego,,,,,18,,,,,,,,,,,
city,,Lagos,,,,,17,,,,,,,,,,,
city,,Phoenix,,,,,17,,,,,,,,,,,
city,,Raleigh,,,,,17,,,,,,,,,,,
city,,Tiel,,,,,17,,,,,,,,,,,
city,,San Francisco,,,,,16,,,,,,,,,,,
city,,Birmingham,,,,,15,,,,,,,,,,,
city,,Miami,,,,,15,,,,,,,,,,,
city,,Toronto,,,,,15,,,,,,,,,,,
city,,Salt Lake City,,,,,14,,,,,,,,,,,
city,,San Jose,,,,,14,,,,,,,,,,,
city,,Austin,,,,,13,,,,,,,,,,,
city,,Detroit,,,,,13,,,,,,,,,,,
city,,Paris,,,,,13,,,,,,,,,,,
city,,Charlotte,,,,,12,,,,,,,,,,,
city,,Denver,,,,,12,,,,,,,,,,,
city,,Fort Worth,,,,,12,,,,,,,,,,,
city,,Kansas City,,,,,12,,,,,,,,,,,
city,,Sacramento,,,,,12,,,,,,,,,,,
city,,San Antonio,,,,,12,,,,,,,,,,,
city,,Boston,,,,,11,,,,,,,,,,,
city,,Baltimore,,,,,10,,,,,,,,,,,
city,,Jackson,,,,,10,,,,,,,,,,,
city,,Las Vegas,,,,,10,,,,,,,,,,,
city,,Pittsburgh,,,,,10,,,,,,,,,,,
city,,Virginia Beach,,,,,10,,,,,,,,,,,
city,,Washington,,,,,10,,,,,,,,,,,
city,,Lexington,,,,,9,,,,,,,,,,,
city,,Mesa,,,,,9,,,,,,,,,,,
city,,Moscow,,,,,9,,,,,,,,,,,
city,,Accra,,,,,8,,,,,,,,,,,
city,,Adelaide,,,,,8,,,,,,,,,,,
city,,Anaheim,,,,,8,,,,,,,,,,,
city,,Indianapolis,,,,,8,,,,,,,,,,,
city,,Milan,,,,,8,,,,,,,,,,,
city,,Oklahoma City,,,,,8,,,,,,,,,,,
city,,Portland,,,,,8,,,,,,,,,,,
city,,Calgary,,,,,7,,,,,,,,,,,
city,,Cleveland,,,,,7,,,,,,,,,,,
city,,Honolulu,,,,,7,,,,,,,,,,,
city,,Louisville,,,,,7,,,,,,,,,,,
city,,Minneapolis,,,,,7,,,,,,,,,,,
city,,Omaha,,,,,7,,,,,,,,,,,
city,,Saint Petersburg,,,,,7,,,,,,,,,,,
city,,Savannah,,,,,7,,,,,,,,,,,
city,,St. Louis,,,,,7,,,,,,,,,,,
city,,Stockholm,,,,,7,,,,,,,,,,,
city,,Ashburn,,,,,6,,,,,,,,,,,
city,,Cincinnati,,,,,6,,,,,,,,,,,
city,,Dubai,,,,,6,,,,,,,,,,,
city,,Lafayette,,,,,6,,,,,,,,,,,
city,,Madrid,,,,,6,,,,,,,,,,,
city,,Manchester,,,,,6,,,,,,,,,,,
city,,Perth,,,,,6,,,,,,,,,,,
city,,Richmond,,,,,6,,,,,,,,,,,
city,,Tehran,,,,,6,,,,,,,,,,,
city,,Amsterdam,,,,,5,,,,,,,,,,,
city,,Charleston,,,,,5,,,,,,,,,,,
city,,Erbil,,,,,5,,,,,,,,,,,
city,,Gothenburg,,,,,5,,,,,,,,,,,
city,,Hartford,,,,,5,,,,,,,,,,,
city,,Irvine,,,,,5,,,,,,,,,,,
city,,Jacksonville,,,,,5,,,,,,,,,,,
city,,Leeds,,,,,5,,,,,,,,,,,
city,,Tampa,,,,,5,,,,,,,,,,,
city,,Albany,,,,,4,,,,,,,,,,,
city,,Baton Rouge,,,,,4,,,,,,,,,,,
city,,Brescia,,,,,4,,,,,,,,,,,
city,,Concord,,,,,4,,,,,,,,,,,
city,,Dublin,,,,,4,,,,,,,,,,,
city,,Edmonton,,,,,4,,,,,,,,,,,
city,,Gilbert,,,,,4,,,,,,,,,,,
city,,Green Bay,,,,,4,,,,,,,,,,,
city,,Hamilton,,,,,4,,,,,,,,,,,
city,,Ibadan,,,,,4,,,,,,,,,,,
city,,Knoxville,,,,,4,,,,,,,,,,,
city,,Lake Delton,,,,,4,,,,,,,,,,,
city,,Memphis,,,,,4,,,,,,,,,,,
city,,Milwaukee,,,,,4,,,,,,,,,,,
city,,Montreal,,,,,4,,,,,,,,,,,
city,,Ottawa,,,,,4,,,,,,,,,,,
city,,Peabody,,,,,4,,,,,,,,,,,
city,,Riverside,,,,,4,,,,,,,,,,,
city,,Salmiya,,,,,4,,,,,,,,,,,
city,,Sao Paulo,,,,,4,,,,,,,,,,,
city,,Abu Dhabi,,,,,3,,,,,,,,,,,
city,,Asheboro,,,,,3,,,,,,,,,,,
city,,Auckland,,,,,3,,,,,,,,,,,
city,,Barcelona,,,,,3,,,,,,,,,,,
city,,Bloomington,,,,,3,,,,,,,,,,,
city,,Bradford West Gwillimbury,,,,,3,,,,,,,,,,,
city,,Cambridge,,,,,3,,,,,,,,,,,
city,,Cape Town,,,,,3,,,,,,,,,,,
city,,Caracas,,,,,3,,,,,,,,,,,
city,,Casablanca,,,,,3,,,,,,,,,,,
city,,Columbia,,,,,3,,,,,,,,,,,
city,,Conyers,,,,,3,,,,,,,,,,,
city,,Cypress,,,,,3,,,,,,,,,,,
city,,Edinburgh,,,,,3,,,,,,,,,,,
city,,El Dorado Hills,,,,,3,,,,,,,,,,,
city,,Fairfield,,,,,3,,,,,,,,,,,
city,,Graham,,,,,3,,,,,,,,,,,
city,,Greensboro,,,,,3,,,,,,,,,,,
city,,Halifax,,,,,3,,,,,,,,,,,
city,,Hermitage,,,,,3,,,,,,,,,,,
city,,Kabul,,,,,3,,,,,,,,,,,
city,,Kuala Lumpur,,,,,3,,,,,,,,,,,
city,,Kumasi,,,,,3,,,,,,,,,,,
city,,Lyon,,,,,3,,,,,,,,,,,
city,,Malaga,,,,,3,,,,,,,,,,,
city,,Malmo,,,,,3,,,,,,,,,,,
city,,Marseille,,,,,3,,,,,,,,,,,
city,,Metairie,,,,,3,,,,,,,,,,,
city,,Mexico City,,,,,3,,,,,,,,,,,
city,,Montrose,,,,,3,,,,,,,,,,,
city,,Murfreesboro,,,,,3,,,,,,,,,,,
city,,Newark,,,,,3,,,,,,,,,,,
city,,Newport News,,,,,3,,,,,,,,,,,
city,,Norfolk,,,,,3,,,,,,,,,,,
city,,Norman,,,,,3,,,,,,,,,,,
city,,Ocala,,,,,3,,,,,,,,,,,
city,,Palmyra,,,,,3,,,,,,,,,,,
city,,Peoria,,,,,3,,,,,,,,,,,
city,,Pontiac,,,,,3,,,,,,,,,,,
city,,Redmond,,,,,3,,,,,,,,,,,
city,,Rotterdam,,,,,3,,,,,,,,,,,
city,,Santa Clarita,,,,,3,,,,,,,,,,,
city,,Shelby,,,,,3,,,,,,,,,,,
city,,Springfield,,,,,3,,,,,,,,,,,
city,,Stroudsburg,,,,,3,,,,,,,,,,,
city,,Sulaymaniyah,,,,,3,,,,,,,,,,,
city,,Tel Aviv-Yafo,,,,,3,,,,,,,,,,,
city,,Turin,,,,,3,,,,,,,,,,,
city,,Tyler,,,,,3,,,,,,,,,,,
city,,West Bend,,,,,3,,,,,,,,,,,
city,,West End-Cobb Town,,,,,3,,,,,,,,,,,
city,,White Oak,,,,,3,,,,,,,,,,,
city,,Winston-Salem,,,,,3,,,,,,,,,,,
city,,Xalapa,,,,,3,,,,,,,,,,,
city,,Alexandria,,,,,2,,,,,,,,,,,
city,,Alphen aan den Rijn,,,,,2,,,,,,,,,,,
city,,Altamonte Springs,,,,,2,,,,,,,,,,,
city,,Amman,,,,,2,,,,,,,,,,,
city,,Anchorage,,,,,2,,,,,,,,,,,
city,,Anderson,,,,,2,,,,,,,,,,,
city,,Antwerp,,,,,2,,,,,,,,,,,
city,,Arlington Heights,,,,,2,,,,,,,,,,,
city,,Ashland,,,,,2,,,,,,,,,,,
city,,Atlantic City,,,,,2,,,,,,,,,,,
city,,Aurora,,,,,2,,,,,,,,,,,
city,,Baghdad,,,,,2,,,,,,,,,,,
city,,Barnesville,,,,,2,,,,,,,,,,,
city,,Belding,,,,,2,,,,,,,,,,,
city,,Bellevue,,,,,2,,,,,,,,,,,
city,,Bengaluru,,,,,2,,,,,,,,,,,
city,,Berea,,,,,2,,,,,,,,,,,
city,,Bismarck,,,,,2,,,,,,,,,,,
city,,Boise,,,,,2,,,,,,,,,,,
city,,Brant,,,,,2,,,,,,,,,,,
city,,Breaux Bridge,,,,,2,,,,,,,,,,,
city,,Brighton,,,,,2,,,,,,,,,,,
city,,Brussels,,,,,2,,,,,,,,,,,
city,,Canberra,,,,,2,,,,,,,,,,,
city,,Cancun,,,,,2,,,,,,,,,,,
city,,Cardiff,,,,,2,,,,,,,,,,,
city,,Carlsbad,,,,,2,,,,,,,,,,,
city,,Carson City,,,,,2,,,,,,,,,,,
city,,Cary,,,,,2,,,,,,,,,,,
city,,Cedar Springs,,,,,2,,,,,,,,,,,
city,,Central,,,,,2,,,,,,,,,,,
city,,Chatsworth,,,,,2,,,,,,,,,,,
city,,Chelsea,,,,,2,,,,,,,,,,,
city,,Chester,,,,,2,,,,,,,,,,,
city,,Clarence-Rockland,,,,,2,,,,,,,,,,,
city,,Coal Run Village,,,,,2,,,,,,,,,,,
city,,Cologne,,,,,2,,,,,,,,,,,
city,,Curitiba,,,,,2,,,,,,,,,,,
city,,Daly City,,,,,2,,,,,,,,,,,
city,,Derby,,,,,2,,,,,,,,,,,
city,,Dhaka,,,,,2,,,,,,,,,,,
city,,Dothan,,,,,2,,,,,,,,,,,
city,,Dusseldorf,,,,,2,,,,,,,,,,,
city,,Dzerzhinsky,,,,,2,,,,,,,,,,,
city,,East Stroudsburg,,,,,2,,,,,,,,,,,
city,,Edgewood,,,,,2,,,,,,,,,,,
city,,Effingham,,,,,2,,,,,,,,,,,
city,,Fairmount,,,,,2,,,,,,,,,,,
city,,Fairview,,,,,2,,,,,,,,,,,
city,,Farmington,,,,,2,,,,,,,,,,,
city,,Federal Way,,,,,2,,,,,,,,,,,
city,,Ferguson,,,,,2,,,,,,,,,,,
city,,Florence,,,,,2,,,,,,,,,,,
city,,Flowood,,,,,2,,,,,,,,,,,
city,,Folsom,,,,,2,,,,,,,,,,,
city,,Franklin,,,,,2,,,,,,,,,,,
city,,Gainesville,,,,,2,,,,,,,,,,,
city,,Georgetown,,,,,2,,,,,,,,,,,
city,,Glasgow,,,,,2,,,,,,,,,,,
city,,Glendale,,,,,2,,,,,,,,,,,
city,,Goodyear,,,,,2,,,,,,,,,,,
city,,Grand Rapids,,,,,2,,,,,,,,,,,
city,,Grande Prairie,,,,,2,,,,,,,,,,,
city,,Hampton,,,,,2,,,,,,,,,,,
city,,Harrison,,,,,2,,,,,,,,,,,
city,,Hays,,,,,2,,,,,,,,,,,
city,,Hazard,,,,,2,,,,,,,,,,,
city,,Heist-op-den-Berg,,,,,2,,,,,,,,,,,
city,,Henderson,,,,,2,,,,,,,,,,,
city,,Hilo,,,,,2,,,,,,,,,,,
city,,Hopkinsville,,,,,2,,,,,,,,,,,
city,,Howell,,,,,2,,,,,,,,,,,
city,,Hudsonville,,,,,2,,,,,,,,,,,
city,,Hyderabad,,,,,2,,,,,,,,,,,
city,,Ionia,,,,,2,,,,,,,,,,,
city,,Irapuato,,,,,2,,,,,,,,,,,
city,,Istanbul,,,,,2,,,,,,,,,,,
city,,Jeffersonville,,,,,2,,,,,,,,,,,
city,,Kaliningrad,,,,,2,,,,,,,,,,,
city,,Kawartha Lakes,,,,,2,,,,,,,,,,,
city,,Kazan,,,,,2,,,,,,,,,,,
city,,Kentwood,,,,,2,,,,,,,,,,,
city,,Kingsland,,,,,2,,,,,,,,,,,
city,,Kingsville,,,,,2,,,,,,,,,,,
city,,La Grange,,,,,2,,,,,,,,,,,
city,,Lake Arrowhead,,,,,2,,,,,,,,,,,
city,,Lake Havasu City,,,,,2,,,,,,,,,,,
city,,Lake Mary,,,,,2,,,,,,,,,,,
city,,Lake Norman of Catawba,,,,,2,,,,,,,,,,,
city,,Lakeville,,,,,2,,,,,,,,,,,
city,,Lakewood,,,,,2,,,,,,,,,,,
city,,Lancaster,,,,,2,,,,,,,,,,,
city,,Lapeer,,,,,2,,,,,,,,,,,
city,,Laurel,,,,,2,,,,,,,,,,,
city,,Legnica,,,,,2,,,,,,,,,,,
city,,Lewisburg,,,,,2,,,,,,,,,,,
city,,Lewisville,,,,,2,,,,,,,,,,,
city,,Libertyville,,,,,2,,,,,,,,,,,
city,,Lincoln,,,,,2,,,,,,,,,,,
city,,Litchfield,,,,,2,,,,,,,,,,,
city,,Little Rock,,,,,2,,,,,,,,,,,
city,,Livonia,,,,,2,,,,,,,,,,,
city,,Loveland,,,,,2,,,,,,,,,,,
city,,Lubbock,,,,,2,,,,,,,,,,,
city,,Lucerne,,,,,2,,,,,,,,,,,
city,,Lumberton,,,,,2,,,,,,,,,,,
city,,Lviv,,,,,2,,,,,,,,,,,
city,,Lyman,,,,,2,,,,,,,,,,,
city,,Mansfield,,,,,2,,,,,,,,,,,
city,,Maricopa,,,,,2,,,,,,,,,,,
city,,Marrakesh,,,,,2,,,,,,,,,,,
city,,Mason,,,,,2,,,,,,,,,,,
city,,McDonough,,,,,2,,,,,,,,,,,
city,,McKinney,,,,,2,,,,,,,,,,,
city,,Mercer Island,,,,,2,,,,,,,,,,,
city,,Miami Beach,,,,,2,,,,,,,,,,,
city,,Midland,,,,,2,,,,,,,,,,,
city,,Modesto,,,,,2,,,,,,,,,,,
city,,Monticello,,,,,2,,,,,,,,,,,
city,,Mumbai,,,,,2,,,,,,,,,,,
city,,Napa,,,,,2,,,,,,,,,,,
city,,Napier,,,,,2,,,,,,,,,,,
city,,Newcastle upon Tyne,,,,,2,,,,,,,,,,,
city,,Norwalk,,,,,2,,,,,,,,,,,
city,,Norwich,,,,,2,,,,,,,,,,,
city,,Oakboro,,,,,2,,,,,,,,,,,
city,,Oakland,,,,,2,,,,,,,,,,,
city,,Orange,,,,,2,,,,,,,,,,,
city,,Otsego,,,,,2,,,,,,,,,,,
city,,Palm Coast,,,,,2,,,,,,,,,,,
city,,Pembroke,,,,,2,,,,,,,,,,,
city,,Petaluma,,,,,2,,,,,,,,,,,
city,,Pineville,,,,,2,,,,,,,,,,,
city,,Pinneberg,,,,,2,,,,,,,,,,,
city,,Porterdale,,,,,2,,,,,,,,,,,
city,,Portsmouth,,,,,2,,,,,,,,,,,
city,,Pottsville,,,,,2,,,,,,,,,,,
city,,Punta Cana,,,,,2,,,,,,,,,,,
city,,Red Deer,,,,,2,,,,,,,,,,,
city,,Rellingen,,,,,2,,,,,,,,,,,
city,,Rio de Janeiro,,,,,2,,,,,,,,,,,
city,,Riyadh,,,,,2,,,,,,,,,,,
city,,Roanoke,,,,,2,,,,,,,,,,,
city,,Rochester,,,,,2,,,,,,,,,,,
city,,Rockford,,,,,2,,,,,,,,,,,
city,,Russell Springs,,,,,2,,,,,,,,,,,
city,,Samarkand,,,,,2,,,,,,,,,,,
city,,San Tan Valley,,,,,2,,,,,,,,,,,
city,,Sandy,,,,,2,,,,,,,,,,,
city,,Seneca,,,,,2,,,,,,,,,,,
city,,Seville,,,,,2,,,,,,,,,,,
city,,Sharjah,,,,,2,,,,,,,,,,,
city,,Sheffield,,,,,2,,,,,,,,,,,
city,,Shepherdsville,,,,,2,,,,,,,,,,,
city,,Shirley,,,,,2,,,,,,,,,,,
city,,South San Francisco,,,,,2,,,,,,,,,,,
city,,Southfield,,,,,2,,,,,,,,,,,
city,,Spring Valley Lake,,,,,2,,,,,,,,,,,
city,,St. Cloud,,,,,2,,,,,,,,,,,
city,,St. George,,,,,2,,,,,,,,,,,
city,,Stafford,,,,,2,,,,,,,,,,,
city,,Stockton,,,,,2,,,,,,,,,,,
city,,Stonecrest,,,,,2,,,,,,,,,,,
city,,The Plains,,,,,2,,,,,,,,,,,
city,,The Woodlands,,,,,2,,,,,,,,,,,
city,,Toledo,,,,,2,,,,,,,,,,,
city,,Torun,,,,,2,,,,,,,,,,,
city,,Townsville,,,,,2,,,,,,,,,,,
city,,Troy,,,,,2,,,,,,,,,,,
city,,Tulsa,,,,,2,,,,,,,,,,,
city,,Tustin,,,,,2,,,,,,,,,,,
city,,Upland,,,,,2,,,,,,,,,,,
city,,Vancouver,,,,,2,,,,,,,,,,,
city,,Vermilion,,,,,2,,,,,,,,,,,
city,,Vicenza,,,,,2,,,,,,,,,,,
city,,Victorville,,,,,2,,,,,,,,,,,
city,,Walker,,,,,2,,,,,,,,,,,
city,,Waterbury,,,,,2,,,,,,,,,,,
city,,Watertown,,,,,2,,,,,,,,,,,
city,,Wellington,,,,,2,,,,,,,,,,,
city,,West Palm Beach,,,,,2,,,,,,,,,,,
city,,Westland,,,,,2,,,,,,,,,,,
city,,Williamsburg,,,,,2,,,,,,,,,,,
city,,Wilmington,,,,,2,,,,,,,,,,,
city,,Wilson,,,,,2,,,,,,,,,,,
city,,Windsor,,,,,2,,,,,,,,,,,
city,,Yonkers,,,,,2,,,,,,,,,,,
city,,Abasolo,,,,,1,,,,,,,,,,,
city,,Abbottabad,,,,,1,,,,,,,,,,,
city,,Aberdeen,,,,,1,,,,,,,,,,,
city,,Abidjan,,,,,1,,,,,,,,,,,
city,,Abuja,,,,,1,,,,,,,,,,,
city,,Afipsky,,,,,1,,,,,,,,,,,
city,,Ahmedabad,,,,,1,,,,,,,,,,,
city,,Aiken,,,,,1,,,,,,,,,,,
city,,Airdrie,,,,,1,,,,,,,,,,,
city,,Ajman,,,,,1,,,,,,,,,,,
city,,Al Farwaniyah,,,,,1,,,,,,,,,,,
city,,Al Jahra,,,,,1,,,,,,,,,,,
city,,Alba Adriatica,,,,,1,,,,,,,,,,,
city,,Albacete,,,,,1,,,,,,,,,,,
city,,Alblasserdam,,,,,1,,,,,,,,,,,
city,,Albuquerque,,,,,1,,,,,,,,,,,
city,,Alcala de Henares,,,,,1,,,,,,,,,,,
city,,Aledo,,,,,1,,,,,,,,,,,
city,,Aleksandrovsk-Sakhalinskiy,,,,,1,,,,,,,,,,,
city,,Alice,,,,,1,,,,,,,,,,,
city,,Aligarh,,,,,1,,,,,,,,,,,
city,,Allendale,,,,,1,,,,,,,,,,,
city,,Allentown,,,,,1,,,,,,,,,,,
city,,Alsfeld,,,,,1,,,,,,,,,,,
city,,Altoona,,,,,1,,,,,,,,,,,
city,,Alum Creek,,,,,1,,,,,,,,,,,
city,,Amanatun Utara,,,,,1,,,,,,,,,,,
city,,American Fork,,,,,1,,,,,,,,,,,
city,,Amherst,,,,,1,,,,,,,,,,,
city,,Anamosa,,,,,1,,,,,,,,,,,
city,,Anderlecht,,,,,1,,,,,,,,,,,
city,,Andernos-les-Bains,,,,,1,,,,,,,,,,,
city,,Ann Arbor,,,,,1,,,,,,,,,,,
city,,Annville,,,,,1,,,,,,,,,,,
city,,Antananarivo,,,,,1,,,,,,,,,,,
city,,Antelope,,,,,1,,,,,,,,,,,
city,,Antioch,,,,,1,,,,,,,,,,,
city,,Apollo Beach,,,,,1,,,,,,,,,,,
city,,Arcadia,,,,,1,,,,,,,,,,,
city,,Arcelia,,,,,1,,,,,,,,,,,
city,,Arlington,,,,,1,,,,,,,,,,,
city,,Aromas,,,,,1,,,,,,,,,,,
city,,Artondale,,,,,1,,,,,,,,,,,
city,,Ashdod,,,,,1,,,,,,,,,,,
city,,Ashgabat,,,,,1,,,,,,,,,,,
city,,Athens,,,,,1,,,,,,,,,,,
city,,Atwater,,,,,1,,,,,,,,,,,
city,,Aubrey,,,,,1,,,,,,,,,,,
city,,Auburn,,,,,1,,,,,,,,,,,
city,,Auburn Lake Trails,,,,,1,,,,,,,,,,,
city,,Augsburg,,,,,1,,,,,,,,,,,
city,,Augusta,,,,,1,,,,,,,,,,,
city,,Aynor,,,,,1,,,,,,,,,,,
city,,Baak,,,,,1,,,,,,,,,,,
city,,Bad Voslau,,,,,1,,,,,,,,,,,
city,,Bakersfield,,,,,1,,,,,,,,,,,
city,,Baldwin,,,,,1,,,,,,,,,,,
city,,Balkbrug,,,,,1,,,,,,,,,,,
city,,Ballina,,,,,1,,,,,,,,,,,
city,,Balneario Camboriu,,,,,1,,,,,,,,,,,
city,,Bamako,,,,,1,,,,,,,,,,,
city,,Banff,,,,,1,,,,,,,,,,,
city,,Bangkok,,,,,1,,,,,,,,,,,
city,,Bari,,,,,1,,,,,,,,,,,
city,,Barishal,,,,,1,,,,,,,,,,,
city,,Barnaul,,,,,1,,,,,,,,,,,
city,,Barre Town,,,,,1,,,,,,,,,,,
city,,Barrhead,,,,,1,,,,,,,,,,,
city,,Barrie,,,,,1,,,,,,,,,,,
city,,Barry,,,,,1,,,,,,,,,,,
city,,Bastad,,,,,1,,,,,,,,,,,
city,,Bastrop,,,,,1,,,,,,,,,,,
city,,Batavia,,,,,1,,,,,,,,,,,
city,,Bath,,,,,1,,,,,,,,,,,
city,,Battle Creek,,,,,1,,,,,,,,,,,
city,,Baxley,,,,,1,,,,,,,,,,,
city,,Baxter,,,,,1,,,,,,,,,,,
city,,Baytown,,,,,1,,,,,,,,,,,
city,,Bear,,,,,1,,,,,,,,,,,
city,,Beaumont,,,,,1,,,,,,,,,,,
city,,Beausejour,,,,,1,,,,,,,,,,,
city,,Beavercreek,,,,,1,,,,,,,,,,,
city,,Beechwood,,,,,1,,,,,,,,,,,
city,,Belfast,,,,,1,,,,,,,,,,,
city,,Belize City,,,,,1,,,,,,,,,,,
city,,Belleville,,,,,1,,,,,,,,,,,
city,,Belmont,,,,,1,,,,,,,,,,,
city,,Belo Horizonte,,,,,1,,,,,,,,,,,
city,,Bemidji,,,,,1,,,,,,,,,,,
city,,Bennington,,,,,1,,,,,,,,,,,
city,,Bennsville,,,,,1,,,,,,,,,,,
city,,Benoni,,,,,1,,,,,,,,,,,
city,,Bensenville,,,,,1,,,,,,,,,,,
city,,Bergamo,,,,,1,,,,,,,,,,,
city,,Bergen op Zoom,,,,,1,,,,,,,,,,,
city,,Bernards,,,,,1,,,,,,,,,,,
city,,Beryozovsky,,,,,1,,,,,,,,,,,
city,,Besancon,,,,,1,,,,,,,,,,,
city,,Bethlehem,,,,,1,,,,,,,,,,,
city,,Bettola-Zeloforomagno,,,,,1,,,,,,,,,,,
city,,Big Bear Lake,,,,,1,,,,,,,,,,,
city,,Big Beaver,,,,,1,,,,,,,,,,,
city,,Big Rapids,,,,,1,,,,,,,,,,,
city,,Bilbao,,,,,1,,,,,,,,,,,
city,,Billerica,,,,,1,,,,,,,,,,,
city,,Bilston,,,,,1,,,,,,,,,,,
city,,Bindlach,,,,,1,,,,,,,,,,,
city,,Black Jack,,,,,1,,,,,,,,,,,
city,,Blackpool,,,,,1,,,,,,,,,,,
city,,Blackshear,,,,,1,,,,,,,,,,,
city,,Blagoveshchensk,,,,,1,,,,,,,,,,,
city,,Blissfield,,,,,1,,,,,,,,,,,
city,,Blue Ash,,,,,1,,,,,,,,,,,
city,,Boerne,,,,,1,,,,,,,,,,,
city,,Bohmte,,,,,1,,,,,,,,,,,
city,,Bolzano,,,,,1,,,,,,,,,,,
city,,Bonnyville,,,,,1,,,,,,,,,,,
city,,Bossier City,,,,,1,,,,,,,,,,,
city,,Botkins,,,,,1,,,,,,,,,,,
city,,Bourne,,,,,1,,,,,,,,,,,
city,,Bowling Green,,,,,1,,,,,,,,,,,
city,,Box Elder,,,,,1,,,,,,,,,,,
city,,Bradenton,,,,,1,,,,,,,,,,,
city,,Bradford,,,,,1,,,,,,,,,,,
city,,Bradley,,,,,1,,,,,,,,,,,
city,,Brainerd,,,,,1,,,,,,,,,,,
city,,Brampton,,,,,1,,,,,,,,,,,
city,,Brandon,,,,,1,,,,,,,,,,,
city,,Brandon Township,,,,,1,,,,,,,,,,,
city,,Braselton,,,,,1,,,,,,,,,,,
city,,Breda,,,,,1,,,,,,,,,,,
city,,Bremerton,,,,,1,,,,,,,,,,,
city,,Bridge City,,,,,1,,,,,,,,,,,
city,,Bridgeport,,,,,1,,,,,,,,,,,
city,,Bridgwater,,,,,1,,,,,,,,,,,
city,,Brielle,,,,,1,,,,,,,,,,,
city,,Bright,,,,,1,,,,,,,,,,,
city,,Brockton,,,,,1,,,,,,,,,,,
city,,Brovary,,,,,1,,,,,,,,,,,
city,,Brownsville-Bawcomville,,,,,1,,,,,,,,,,,
city,,Bruchsal,,,,,1,,,,,,,,,,,
city,,Bruchterveld,,,,,1,,,,,,,,,,,
city,,Bruges,,,,,1,,,,,,,,,,,
city,,Brunswick,,,,,1,,,,,,,,,,,
city,,Buffalo,,,,,1,,,,,,,,,,,
city,,Buford,,,,,1,,,,,,,,,,,
city,,Bunbury,,,,,1,,,,,,,,,,,
city,,Bundaberg,,,,,1,,,,,,,,,,,
city,,Burghaun,,,,,1,,,,,,,,,,,
city,,Burlington,,,,,1,,,,,,,,,,,
city,,Byron,,,,,1,,,,,,,,,,,
city,,Caerphilly,,,,,1,,,,,,,,,,,
city,,Cagnes-sur-Mer,,,,,1,,,,,,,,,,,
city,,Calabasas,,,,,1,,,,,,,,,,,
city,,California,,,,,1,,,,,,,,,,,
city,,Canal Fulton,,,,,1,,,,,,,,,,,
city,,Cannon Falls,,,,,1,,,,,,,,,,,
city,,Canonsburg,,,,,1,,,,,,,,,,,
city,,Cape Carteret,,,,,1,,,,,,,,,,,
city,,Cape Charles,,,,,1,,,,,,,,,,,
city,,Cape Coral,,,,,1,,,,,,,,,,,
city,,Carbondale,,,,,1,,,,,,,,,,,
city,,Carmichael,,,,,1,,,,,,,,,,,
city,,Casa Grande,,,,,1,,,,,,,,,,,
city,,Cascais,,,,,1,,,,,,,,,,,
city,,Catlettsburg,,,,,1,,,,,,,,,,,
city,,Cecilia,,,,,1,,,,,,,,,,,
city,,Cedar City,,,,,1,,,,,,,,,,,
city,,Cedar Grove,,,,,1,,,,,,,,,,,
city,,Cedar Rapids,,,,,1,,,,,,,,,,,
city,,Cedartown,,,,,1,,,,,,,,,,,
city,,Celebration,,,,,1,,,,,,,,,,,
city,,Centennial,,,,,1,,,,,,,,,,,
city,,Center Point,,,,,1,,,,,,,,,,,
city,,Central Coast,,,,,1,,,,,,,,,,,
city,,Centralia,,,,,1,,,,,,,,,,,
city,,Ceres,,,,,1,,,,,,,,,,,
city,,Chalandri,,,,,1,,,,,,,,,,,
city,,Chandigarh,,,,,1,,,,,,,,,,,
city,,Chandler,,,,,1,,,,,,,,,,,
city,,Chanute,,,,,1,,,,,,,,,,,
city,,Chattanooga,,,,,1,,,,,,,,,,,
city,,Cheat Lake,,,,,1,,,,,,,,,,,
city,,Cheektowaga,,,,,1,,,,,,,,,,,
city,,Chelmsford,,,,,1,,,,,,,,,,,
city,,Chemnitz,,,,,1,,,,,,,,,,,
city,,Chepstow,,,,,1,,,,,,,,,,,
city,,Chesapeake,,,,,1,,,,,,,,,,,
city,,Chesterfield,,,,,1,,,,,,,,,,,
city,,Cheyenne,,,,,1,,,,,,,,,,,
city,,Chicopee,,,,,1,,,,,,,,,,,
city,,Chilliwack,,,,,1,,,,,,,,,,,
city,,China Grove,,,,,1,,,,,,,,,,,
city,,Chinle,,,,,1,,,,,,,,,,,
city,,Chistopol,,,,,1,,,,,,,,,,,
city,,Citrus Heights,,,,,1,,,,,,,,,,,
city,,Clarks Summit,,,,,1,,,,,,,,,,,
city,,Clifton Forge,,,,,1,,,,,,,,,,,
city,,Clinton,,,,,1,,,,,,,,,,,
city,,Cloverleaf,,,,,1,,,,,,,,,,,
city,,Coalville,,,,,1,,,,,,,,,,,
city,,Coburg,,,,,1,,,,,,,,,,,
city,,Cody,,,,,1,,,,,,,,,,,
city,,Cohoes,,,,,1,,,,,,,,,,,
city,,Coimbatore,,,,,1,,,,,,,,,,,
city,,Cold Spring,,,,,1,,,,,,,,,,,
city,,College Park,,,,,1,,,,,,,,,,,
city,,College Station,,,,,1,,,,,,,,,,,
city,,Colne,,,,,1,,,,,,,,,,,
city,,Cologno Monzese,,,,,1,,,,,,,,,,,
city,,Colorado Springs,,,,,1,,,,,,,,,,,
city,,Colton,,,,,1,,,,,,,,,,,
city,,Congers,,,,,1,,,,,,,,,,,
city,,Conroe,,,,,1,,,,,,,,,,,
city,,Conway,,,,,1,,,,,,,,,,,
city,,Copper Coast Council,,,,,1,,,,,,,,,,,
city,,Coral Hills,,,,,1,,,,,,,,,,,
city,,Coral Springs,,,,,1,,,,,,,,,,,
city,,Corbin,,,,,1,,,,,,,,,,,
city,,Cordoba,,,,,1,,,,,,,,,,,
city,,Corinth,,,,,1,,,,,,,,,,,
city,,Cork,,,,,1,,,,,,,,,,,
city,,Cornwall,,,,,1,,,,,,,,,,,
city,,Corryton,,,,,1,,,,,,,,,,,
city,,Costa Mesa,,,,,1,,,,,,,,,,,
city,,Cottage Lake,,,,,1,,,,,,,,,,,
city,,Council Bluffs,,,,,1,,,,,,,,,,,
city,,Country Club Estates,,,,,1,,,,,,,,,,,
city,,Court-St.-Etienne,,,,,1,,,,,,,,,,,
city,,Coushatta,,,,,1,,,,,,,,,,,
city,,Coventry,,,,,1,,,,,,,,,,,
city,,Covington,,,,,1,,,,,,,,,,,
city,,Crestview,,,,,1,,,,,,,,,,,
city,,Crofton,,,,,1,,,,,,,,,,,
city,,Crowborough,,,,,1,,,,,,,,,,,
city,,Crown Point,,,,,1,,,,,,,,,,,
city,,Croydon,,,,,1,,,,,,,,,,,
city,,Cuiaba,,,,,1,,,,,,,,,,,
city,,Culemborg,,,,,1,,,,,,,,,,,
city,,Culiacan,,,,,1,,,,,,,,,,,
city,,Cumming,,,,,1,,,,,,,,,,,
city,,Cupertino,,,,,1,,,,,,,,,,,
city,,Cutlerville,,,,,1,,,,,,,,,,,
city,,Cwmbran,,,,,1,,,,,,,,,,,
city,,Dahlonega,,,,,1,,,,,,,,,,,
city,,Dakar,,,,,1,,,,,,,,,,,
city,,Dalung,,,,,1,,,,,,,,,,,
city,,Damascus,,,,,1,,,,,,,,,,,
city,,Danbury,,,,,1,,,,,,,,,,,
city,,Dandridge,,,,,1,,,,,,,,,,,
city,,Dassel,,,,,1,,,,,,,,,,,
city,,Davao City,,,,,1,,,,,,,,,,,
city,,Dayton,,,,,1,,,,,,,,,,,
city,,Daytona Beach,,,,,1,,,,,,,,,,,
city,,DeKalb,,,,,1,,,,,,,,,,,
city,,DeQuincy,,,,,1,,,,,,,,,,,
city,,Deep River,,,,,1,,,,,,,,,,,
city,,Deer Park,,,,,1,,,,,,,,,,,
city,,Deer River,,,,,1,,,,,,,,,,,
city,,Dehradun,,,,,1,,,,,,,,,,,
city,,Delhi,,,,,1,,,,,,,,,,,
city,,Delicias,,,,,1,,,,,,,,,,,
city,,Dell Rapids,,,,,1,,,,,,,,,,,
city,,Delta,,,,,1,,,,,,,,,,,
city,,Denton,,,,,1,,,,,,,,,,,
city,,Deptford,,,,,1,,,,,,,,,,,
city,,Deputy,,,,,1,,,,,,,,,,,
city,,Des Moines,,,,,1,,,,,,,,,,,
city,,Des Plaines,,,,,1,,,,,,,,,,,
city,,Dewsbury,,,,,1,,,,,,,,,,,
city,,Diamond Bar,,,,,1,,,,,,,,,,,
city,,Dickson,,,,,1,,,,,,,,,,,
city,,Dickson City,,,,,1,,,,,,,,,,,
city,,Dieterich,,,,,1,,,,,,,,,,,
city,,Dietikon,,,,,1,,,,,,,,,,,
city,,Dock Junction,,,,,1,,,,,,,,,,,
city,,Doha,,,,,1,,,,,,,,,,,
city,,Dongen,,,,,1,,,,,,,,,,,
city,,Doral,,,,,1,,,,,,,,,,,
city,,Dortmund,,,,,1,,,,,,,,,,,
city,,Double Springs,,,,,1,,,,,,,,,,,
city,,Downey,,,,,1,,,,,,,,,,,
city,,Drayton,,,,,1,,,,,,,,,,,
city,,Drayton Valley,,,,,1,,,,,,,,,,,
city,,Drexel Hill,,,,,1,,,,,,,,,,,
city,,Dubuque,,,,,1,,,,,,,,,,,
city,,Dudley,,,,,1,,,,,,,,,,,
city,,Dundalk,,,,,1,,,,,,,,,,,
city,,Dundee,,,,,1,,,,,,,,,,,
city,,Dunedin,,,,,1,,,,,,,,,,,
city,,Durban,,,,,1,,,,,,,,,,,
city,,Durham,,,,,1,,,,,,,,,,,
city,,Eagan,,,,,1,,,,,,,,,,,
city,,Earley,,,,,1,,,,,,,,,,,
city,,East Bethel,,,,,1,,,,,,,,,,,
city,,East Brunswick,,,,,1,,,,,,,,,,,
city,,East Lansing,,,,,1,,,,,,,,,,,
city,,East Rockingham,,,,,1,,,,,,,,,,,
city,,Eden,,,,,1,,,,,,,,,,,
city,,Efrat,,,,,1,,,,,,,,,,,
city,,Egelsbach,,,,,1,,,,,,,,,,,
city,,Eindhoven,,,,,1,,,,,,,,,,,
city,,El Paso,,,,,1,,,,,,,,,,,
city,,Elberton,,,,,1,,,,,,,,,,,
city,,Elk Plain,,,,,1,,,,,,,,,,,
city,,Elk River,,,,,1,,,,,,,,,,,
city,,Elkin,,,,,1,,,,,,,,,,,
city,,Ellerbe,,,,,1,,,,,,,,,,,
city,,Ellisville,,,,,1,,,,,,,,,,,
city,,Elyria,,,,,1,,,,,,,,,,,
city,,Embrun,,,,,1,,,,,,,,,,,
city,,Emsworth,,,,,1,,,,,,,,,,,
city,,Erda,,,,,1,,,,,,,,,,,
city,,Essen,,,,,1,,,,,,,,,,,
city,,Estelle,,,,,1,,,,,,,,,,,
city,,Estevan,,,,,1,,,,,,,,,,,
city,,Etten-Leur,,,,,1,,,,,,,,,,,
city,,Eustis,,,,,1,,,,,,,,,,,
city,,Evansville,,,,,1,,,,,,,,,,,
city,,Everett,,,,,1,,,,,,,,,,,
city,,Evergreen,,,,,1,,,,,,,,,,,
city,,Fairbanks,,,,,1,,,,,,,,,,,
city,,Fairburn,,,,,1,,,,,,,,,,,
city,,Fairfax,,,,,1,,,,,,,,,,,
city,,Fairmont,,,,,1,,,,,,,,,,,
city,,Fallbrook,,,,,1,,,,,,,,,,,
city,,Falun,,,,,1,,,,,,,,,,,
city,,Farmersville,,,,,1,,,,,,,,,,,
city,,Farmington Hills,,,,,1,,,,,,,,,,,
city,,Farso,,,,,1,,,,,,,,,,,
city,,Fernley,,,,,1,,,,,,,,,,,
city,,Ferrysburg,,,,,1,,,,,,,,,,,
city,,Fes,,,,,1,,,,,,,,,,,
city,,Fitzwilliam,,,,,1,,,,,,,,,,,
city,,Flint Township,,,,,1,,,,,,,,,,,
city,,Florence-Graham,,,,,1,,,,,,,,,,,
city,,Florissant,,,,,1,,,,,,,,,,,
city,,Flower Mound,,,,,1,,,,,,,,,,,
city,,Flowing Wells,,,,,1,,,,,,,,,,,
city,,Fontana,,,,,1,,,,,,,,,,,
city,,Fort Collins,,,,,1,,,,,,,,,,,
city,,Fort Defiance,,,,,1,,,,,,,,,,,
city,,Fort Johnson South,,,,,1,,,,,,,,,,,
city,,Fort Lauderdale,,,,,1,,,,,,,,,,,
city,,Fort Mitchell,,,,,1,,,,,,,,,,,
city,,Fort Morgan,,,,,1,,,,,,,,,,,
city,,Fort Myers,,,,,1,,,,,,,,,,,
city,,Fort St. John,,,,,1,,,,,,,,,,,
city,,Fountain Inn,,,,,1,,,,,,,,,,,
city,,Francisco Beltrao,,,,,1,,,,,,,,,,,
city,,Frankfort,,,,,1,,,,,,,,,,,
city,,Frankfurt am Main,,,,,1,,,,,,,,,,,
city,,Franklin Park,,,,,1,,,,,,,,,,,
city,,Franklin Township,,,,,1,,,,,,,,,,,
city,,Franschhoek,,,,,1,,,,,,,,,,,
city,,Frederick,,,,,1,,,,,,,,,,,
city,,Fredericksburg,,,,,1,,,,,,,,,,,
city,,Fredonia,,,,,1,,,,,,,,,,,
city,,Fremont,,,,,1,,,,,,,,,,,
city,,Fresnes-sur-Escaut,,,,,1,,,,,,,,,,,
city,,Fresno,,,,,1,,,,,,,,,,,
city,,Gaffney,,,,,1,,,,,,,,,,,
city,,Gainesboro,,,,,1,,,,,,,,,,,
city,,Gaithersburg,,,,,1,,,,,,,,,,,
city,,Galgenen,,,,,1,,,,,,,,,,,
city,,Galliano,,,,,1,,,,,,,,,,,
city,,Gallipolis,,,,,1,,,,,,,,,,,
city,,Gap,,,,,1,,,,,,,,,,,
city,,Garland,,,,,1,,,,,,,,,,,
city,,Garmisch-Partenkirchen,,,,,1,,,,,,,,,,,
city,,Garner,,,,,1,,,,,,,,,,,
city,,Gastonville,,,,,1,,,,,,,,,,,
city,,Gatlinburg,,,,,1,,,,,,,,,,,
city,,Gavle,,,,,1,,,,,,,,,,,
city,,General Rodriguez,,,,,1,,,,,,,,,,,
city,,General Trias,,,,,1,,,,,,,,,,,
city,,Geneva,,,,,1,,,,,,,,,,,
city,,Genzano di Roma,,,,,1,,,,,,,,,,,
city,,Germantown,,,,,1,,,,,,,,,,,
city,,Ghedi,,,,,1,,,,,,,,,,,
city,,Ghent,,,,,1,,,,,,,,,,,
city,,Gidgegannup,,,,,1,,,,,,,,,,,
city,,Gilroy,,,,,1,,,,,,,,,,,
city,,Glastonbury,,,,,1,,,,,,,,,,,
city,,Glen Burnie,,,,,1,,,,,,,,,,,
city,,Glen Carbon,,,,,1,,,,,,,,,,,
city,,Glenwood Springs,,,,,1,,,,,,,,,,,
city,,Gloucester,,,,,1,,,,,,,,,,,
city,,Glynneath,,,,,1,,,,,,,,,,,
city,,Gold Canyon,,,,,1,,,,,,,,,,,
city,,Gold Coast,,,,,1,,,,,,,,,,,
city,,Golden Grove,,,,,1,,,,,,,,,,,
city,,Goldsboro,,,,,1,,,,,,,,,,,
city,,Gqeberha,,,,,1,,,,,,,,,,,
city,,Granbury,,,,,1,,,,,,,,,,,
city,,Grand Haven,,,,,1,,,,,,,,,,,
city,,Granite Bay,,,,,1,,,,,,,,,,,
city,,Granite Falls,,,,,1,,,,,,,,,,,
city,,Grapevine,,,,,1,,,,,,,,,,,
city,,Greater Sudbury,,,,,1,,,,,,,,,,,
city,,Green,,,,,1,,,,,,,,,,,
city,,Greenacres,,,,,1,,,,,,,,,,,
city,,Greensburg,,,,,1,,,,,,,,,,,
city,,Greenville,,,,,1,,,,,,,,,,,
city,,Greenwood,,,,,1,,,,,,,,,,,
city,,Grenoble,,,,,1,,,,,,,,,,,
city,,Gretna,,,,,1,,,,,,,,,,,
city,,Greve Strand,,,,,1,,,,,,,,,,,
city,,Grimes,,,,,1,,,,,,,,,,,
city,,Grinnell,,,,,1,,,,,,,,,,,
city,,Gross-Umstadt,,,,,1,,,,,,,,,,,
city,,Grossaffoltern,,,,,1,,,,,,,,,,,
city,,Grou,,,,,1,,,,,,,,,,,
city,,Grovetown,,,,,1,,,,,,,,,,,
city,,Guangzhou,,,,,1,,,,,,,,,,,
city,,Guatemala City,,,,,1,,,,,,,,,,,
city,,Guin,,,,,1,,,,,,,,,,,
city,,Gulf Park Estates,,,,,1,,,,,,,,,,,
city,,Gulfport,,,,,1,,,,,,,,,,,
city,,Guymon,,,,,1,,,,,,,,,,,
city,,Hafizabad,,,,,1,,,,,,,,,,,
city,,Haleyville,,,,,1,,,,,,,,,,,
city,,Half Moon Bay,,,,,1,,,,,,,,,,,
city,,Hamedan,,,,,1,,,,,,,,,,,
city,,Hammond,,,,,1,,,,,,,,,,,
city,,Hammonton,,,,,1,,,,,,,,,,,
city,,Hancock,,,,,1,,,,,,,,,,,
city,,Hannibal,,,,,1,,,,,,,,,,,
city,,Hanover Park,,,,,1,,,,,,,,,,,
city,,Harare,,,,,1,,,,,,,,,,,
city,,Harker Heights,,,,,1,,,,,,,,,,,
city,,Harnosand,,,,,1,,,,,,,,,,,
city,,Harrisburg,,,,,1,,,,,,,,,,,
city,,Harrisonburg,,,,,1,,,,,,,,,,,
city,,Harrogate,,,,,1,,,,,,,,,,,
city,,Hartbeespoort,,,,,1,,,,,,,,,,,
city,,Hastings,,,,,1,,,,,,,,,,,
city,,Hattiesburg,,,,,1,,,,,,,,,,,
city,,Haverfordwest,,,,,1,,,,,,,,,,,
city,,Hazelwood,,,,,1,,,,,,,,,,,
city,,Hazleton,,,,,1,,,,,,,,,,,
city,,Headland,,,,,1,,,,,,,,,,,
city,,Hechtel-Eksel,,,,,1,,,,,,,,,,,
city,,Heemskerk,,,,,1,,,,,,,,,,,
city,,Heinola,,,,,1,,,,,,,,,,,
city,,Helena,,,,,1,,,,,,,,,,,
city,,Hellertown,,,,,1,,,,,,,,,,,
city,,Helsingborg,,,,,1,,,,,,,,,,,
city,,Helsinki,,,,,1,,,,,,,,,,,
city,,Hemet,,,,,1,,,,,,,,,,,
city,,Hempstead,,,,,1,,,,,,,,,,,
city,,Hendersonville,,,,,1,,,,,,,,,,,
city,,Henryetta,,,,,1,,,,,,,,,,,
city,,Henryville,,,,,1,,,,,,,,,,,
city,,Hephzibah,,,,,1,,,,,,,,,,,
city,,Herentals,,,,,1,,,,,,,,,,,
city,,Heroica Veracruz,,,,,1,,,,,,,,,,,
city,,Herrin,,,,,1,,,,,,,,,,,
city,,High Level,,,,,1,,,,,,,,,,,
city,,Highland,,,,,1,,,,,,,,,,,
city,,Hillsboro,,,,,1,,,,,,,,,,,
city,,Hillsville,,,,,1,,,,,,,,,,,
city,,Hiram,,,,,1,,,,,,,,,,,
city,,Hobart,,,,,1,,,,,,,,,,,
city,,Hockessin,,,,,1,,,,,,,,,,,
city,,Hogansville,,,,,1,,,,,,,,,,,
city,,Holland,,,,,1,,,,,,,,,,,
city,,Holland Township,,,,,1,,,,,,,,,,,
city,,Holly Springs,,,,,1,,,,,,,,,,,
city,,Holon,,,,,1,,,,,,,,,,,
city,,Honaker,,,,,1,,,,,,,,,,,
city,,Honiton,,,,,1,,,,,,,,,,,
city,,Hooksett,,,,,1,,,,,,,,,,,
city,,Hoover,,,,,1,,,,,,,,,,,
city,,Hope,,,,,1,,,,,,,,,,,
city,,Hope Hull,,,,,1,,,,,,,,,,,
city,,Horizon West,,,,,1,,,,,,,,,,,
city,,Huddinge,,,,,1,,,,,,,,,,,
city,,Hughson,,,,,1,,,,,,,,,,,
city,,Hunters Creek,,,,,1,,,,,,,,,,,
city,,Huntington Beach,,,,,1,,,,,,,,,,,
city,,Hurst,,,,,1,,,,,,,,,,,
city,,Ica,,,,,1,,,,,,,,,,,
city,,Idaho Falls,,,,,1,,,,,,,,,,,
city,,Imus,,,,,1,,,,,,,,,,,
city,,Independence,,,,,1,,,,,,,,,,,
city,,Indian Hills,,,,,1,,,,,,,,,,,
city,,Indian Rocks Beach,,,,,1,,,,,,,,,,,
city,,Inglewood,,,,,1,,,,,,,,,,,
city,,Innisfil,,,,,1,,,,,,,,,,,
city,,Jakobsberg,,,,,1,,,,,,,,,,,
city,,Jamestown,,,,,1,,,,,,,,,,,
city,,Jaral del Progreso,,,,,1,,,,,,,,,,,
city,,Jasper,,,,,1,,,,,,,,,,,
city,,Jeddah,,,,,1,,,,,,,,,,,
city,,Jefferson,,,,,1,,,,,,,,,,,
city,,Jefferson City,,,,,1,,,,,,,,,,,
city,,Jenison,,,,,1,,,,,,,,,,,
city,,Jennings,,,,,1,,,,,,,,,,,
city,,Jerusalem,,,,,1,,,,,,,,,,,
city,,Jim Thorpe,,,,,1,,,,,,,,,,,
city,,Johnston,,,,,1,,,,,,,,,,,
city,,Joplin,,,,,1,,,,,,,,,,,
city,,Jordan,,,,,1,,,,,,,,,,,
city,,Juatuba,,,,,1,,,,,,,,,,,
city,,Kailua-Kona,,,,,1,,,,,,,,,,,
city,,Kalamazoo,,,,,1,,,,,,,,,,,
city,,Kalba,,,,,1,,,,,,,,,,,
city,,Kalkaska,,,,,1,,,,,,,,,,,
city,,Kamiah,,,,,1,,,,,,,,,,,
city,,Kamloops,,,,,1,,,,,,,,,,,
city,,Kampala,,,,,1,,,,,,,,,,,
city,,Kankakee,,,,,1,,,,,,,,,,,
city,,Karaj,,,,,1,,,,,,,,,,,
city,,Kashiwa,,,,,1,,,,,,,,,,,
city,,Kasterlee,,,,,1,,,,,,,,,,,
city,,Kathmandu,,,,,1,,,,,,,,,,,
city,,Kawai,,,,,1,,,,,,,,,,,
city,,Keaau,,,,,1,,,,,,,,,,,
city,,Kelowna,,,,,1,,,,,,,,,,,
city,,Kenbridge,,,,,1,,,,,,,,,,,
city,,Kendall,,,,,1,,,,,,,,,,,
city,,Kennesaw,,,,,1,,,,,,,,,,,
city,,Kennett,,,,,1,,,,,,,,,,,
city,,Kentville,,,,,1,,,,,,,,,,,
city,,Keyes,,,,,1,,,,,,,,,,,
city,,Keystone,,,,,1,,,,,,,,,,,
city,,Kigali,,,,,1,,,,,,,,,,,
city,,Killeen,,,,,1,,,,,,,,,,,
city,,Kingston,,,,,1,,,,,,,,,,,
city,,Kinston,,,,,1,,,,,,,,,,,
city,,Kirov,,,,,1,,,,,,,,,,,
city,,Kissimmee,,,,,1,,,,,,,,,,,
city,,Kissing,,,,,1,,,,,,,,,,,
city,,Kitwe,,,,,1,,,,,,,,,,,
city,,Knysna,,,,,1,,,,,,,,,,,
city,,Koblenz,,,,,1,,,,,,,,,,,
city,,Kontiolahti,,,,,1,,,,,,,,,,,
city,,Korsakov,,,,,1,,,,,,,,,,,
city,,Kota Bharu,,,,,1,,,,,,,,,,,
city,,Kozhikode,,,,,1,,,,,,,,,,,
city,,Krasnodar,,,,,1,,,,,,,,,,,
city,,Krugersdorp,,,,,1,,,,,,,,,,,
city,,Kunming,,,,,1,,,,,,,,,,,
city,,Kusadasi,,,,,1,,,,,,,,,,,
city,,La Pine,,,,,1,,,,,,,,,,,
city,,La Porte,,,,,1,,,,,,,,,,,
city,,LaGrange,,,,,1,,,,,,,,,,,
city,,Laakdal,,,,,1,,,,,,,,,,,
city,,Lac la Biche,,,,,1,,,,,,,,,,,
city,,Lacey,,,,,1,,,,,,,,,,,
city,,Lady Lake,,,,,1,,,,,,,,,,,
city,,Laguna Hills,,,,,1,,,,,,,,,,,
city,,Lake Bluff,,,,,1,,,,,,,,,,,
city,,Lake Country,,,,,1,,,,,,,,,,,
city,,Lake Elsinore,,,,,1,,,,,,,,,,,
city,,Lake Forest,,,,,1,,,,,,,,,,,
city,,Lake Ronkonkoma,,,,,1,,,,,,,,,,,
city,,Lake of the Pines,,,,,1,,,,,,,,,,,
city,,Lakeway,,,,,1,,,,,,,,,,,
city,,Landen,,,,,1,,,,,,,,,,,
city,,Laneuveville-devant-Nancy,,,,,1,,,,,,,,,,,
city,,Langley Township,,,,,1,,,,,,,,,,,
city,,Lansing,,,,,1,,,,,,,,,,,
city,,Laredo,,,,,1,,,,,,,,,,,
city,,Largo,,,,,1,,,,,,,,,,,
city,,Lathrup Village,,,,,1,,,,,,,,,,,
city,,Laval,,,,,1,,,,,,,,,,,
city,,Lawrence,,,,,1,,,,,,,,,,,
city,,Lawrenceville,,,,,1,,,,,,,,,,,
city,,Lawton,,,,,1,,,,,,,,,,,
city,,Le Havre,,,,,1,,,,,,,,,,,
city,,Le Rheu,,,,,1,,,,,,,,,,,
city,,Leadville North,,,,,1,,,,,,,,,,,
city,,Leesburg,,,,,1,,,,,,,,,,,
city,,Leeuwarden,,,,,1,,,,,,,,,,,
city,,Lehi,,,,,1,,,,,,,,,,,
city,,Leighton Buzzard,,,,,1,,,,,,,,,,,
city,,Leipzig,,,,,1,,,,,,,,,,,
city,,Lelystad,,,,,1,,,,,,,,,,,
city,,Lemoore,,,,,1,,,,,,,,,,,
city,,Lenexa,,,,,1,,,,,,,,,,,
city,,Leonardtown,,,,,1,,,,,,,,,,,
city,,Leongatha,,,,,1,,,,,,,,,,,
city,,Leverkusen,,,,,1,,,,,,,,,,,
city,,Liberty,,,,,1,,,,,,,,,,,
city,,Lilburn,,,,,1,,,,,,,,,,,
city,,Lille,,,,,1,,,,,,,,,,,
city,,Lima,,,,,1,,,,,,,,,,,
city,,Lincolnton,,,,,1,,,,,,,,,,,
city,,Linda,,,,,1,,,,,,,,,,,
city,,Lindale,,,,,1,,,,,,,,,,,
city,,Listowel,,,,,1,,,,,,,,,,,
city,,Livingston,,,,,1,,,,,,,,,,,
city,,Lodi,,,,,1,,,,,,,,,,,
city,,Logan Village,,,,,1,,,,,,,,,,,
city,,Loganville,,,,,1,,,,,,,,,,,
city,,Lokeren,,,,,1,,,,,,,,,,,
city,,Lommel,,,,,1,,,,,,,,,,,
city,,Long Beach,,,,,1,,,,,,,,,,,
city,,Long Eaton,,,,,1,,,,,,,,,,,
city,,Longmont,,,,,1,,,,,,,,,,,
city,,Longueuil,,,,,1,,,,,,,,,,,
city,,Loris,,,,,1,,,,,,,,,,,
city,,Los Gatos,,,,,1,,,,,,,,,,,
city,,Lowestoft,,,,,1,,,,,,,,,,,
city,,Lowville,,,,,1,,,,,,,,,,,
city,,Luanda,,,,,1,,,,,,,,,,,
city,,Lubben,,,,,1,,,,,,,,,,,
city,,Lucerne Valley,,,,,1,,,,,,,,,,,
city,,Lufkin,,,,,1,,,,,,,,,,,
city,,Lugano,,,,,1,,,,,,,,,,,
city,,Luton,,,,,1,,,,,,,,,,,
city,,Luxemburg,,,,,1,,,,,,,,,,,
city,,Lynnwood,,,,,1,,,,,,,,,,,
city,,Lyss,,,,,1,,,,,,,,,,,
city,,Macon,,,,,1,,,,,,,,,,,
city,,Madison,,,,,1,,,,,,,,,,,
city,,Madisonville,,,,,1,,,,,,,,,,,
city,,Magny-les-Hameaux,,,,,1,,,,,,,,,,,
city,,Maladzyechna,,,,,1,,,,,,,,,,,
city,,Manassas,,,,,1,,,,,,,,,,,
city,,Manaus,,,,,1,,,,,,,,,,,
city,,Mandeville,,,,,1,,,,,,,,,,,
city,,Mandurah,,,,,1,,,,,,,,,,,
city,,Manhattan,,,,,1,,,,,,,,,,,
city,,Mannford,,,,,1,,,,,,,,,,,
city,,Mantachie,,,,,1,,,,,,,,,,,
city,,Many,,,,,1,,,,,,,,,,,
city,,Marathon,,,,,1,,,,,,,,,,,
city,,Marion,,,,,1,,,,,,,,,,,
city,,Markham,,,,,1,,,,,,,,,,,
city,,Marshall,,,,,1,,,,,,,,,,,
city,,Martinsburg,,,,,1,,,,,,,,,,,
city,,Mateus Leme,,,,,1,,,,,,,,,,,
city,,Maurik,,,,,1,,,,,,,,,,,
city,,McConnelsville,,,,,1,,,,,,,,,,,
city,,McFarland,,,,,1,,,,,,,,,,,
city,,McKee,,,,,1,,,,,,,,,,,
city,,McKeesport,,,,,1,,,,,,,,,,,
city,,McMurray,,,,,1,,,,,,,,,,,
city,,Medford,,,,,1,,,,,,,,,,,
city,,Medias,,,,,1,,,,,,,,,,,
city,,Medicine Hat,,,,,1,,,,,,,,,,,
city,,Mehlville,,,,,1,,,,,,,,,,,
city,,Menifee,,,,,1,,,,,,,,,,,
city,,Menomonee Falls,,,,,1,,,,,,,,,,,
city,,Mentor,,,,,1,,,,,,,,,,,
city,,Meridian,,,,,1,,,,,,,,,,,
city,,Metter,,,,,1,,,,,,,,,,,
city,,Meyers,,,,,1,,,,,,,,,,,
city,,Miami Gardens,,,,,1,,,,,,,,,,,
city,,Michigan City,,,,,1,,,,,,,,,,,
city,,Middelburg,,,,,1,,,,,,,,,,,
city,,Middle Township,,,,,1,,,,,,,,,,,
city,,Middlesbrough,,,,,1,,,,,,,,,,,
city,,Midlothian,,,,,1,,,,,,,,,,,
city,,Milford Haven,,,,,1,,,,,,,,,,,
city,,Mills River,,,,,1,,,,,,,,,,,
city,,Mineola,,,,,1,,,,,,,,,,,
city,,Miramar,,,,,1,,,,,,,,,,,
city,,Mirassol,,,,,1,,,,,,,,,,,
city,,Mission Viejo,,,,,1,,,,,,,,,,,
city,,Mojokerto,,,,,1,,,,,,,,,,,
city,,Molina de Segura,,,,,1,,,,,,,,,,,
city,,Montclair,,,,,1,,,,,,,,,,,
city,,Montpellier,,,,,1,,,,,,,,,,,
city,,Moore,,,,,1,,,,,,,,,,,
city,,Morecambe,,,,,1,,,,,,,,,,,
city,,Moreno Valley,,,,,1,,,,,,,,,,,
city,,Morestel,,,,,1,,,,,,,,,,,
city,,Morfelden-Walldorf,,,,,1,,,,,,,,,,,
city,,Morigny-Champigny,,,,,1,,,,,,,,,,,
city,,Mount Airy,,,,,1,,,,,,,,,,,
city,,Mount Hood Village,,,,,1,,,,,,,,,,,
city,,Mount Pleasant,,,,,1,,,,,,,,,,,
city,,Mount Vista,,,,,1,,,,,,,,,,,
city,,Mountain Park,,,,,1,,,,,,,,,,,
city,,Murray,,,,,1,,,,,,,,,,,
city,,Murrieta,,,,,1,,,,,,,,,,,
city,,Muscat,,,,,1,,,,,,,,,,,
city,,Muskegon,,,,,1,,,,,,,,,,,
city,,Muskogee,,,,,1,,,,,,,,,,,
city,,Naas,,,,,1,,,,,,,,,,,
city,,Nablus,,,,,1,,,,,,,,,,,
city,,Nagoya,,,,,1,,,,,,,,,,,
city,,Nairobi,,,,,1,,,,,,,,,,,
city,,Nanakuli,,,,,1,,,,,,,,,,,
city,,Naperville,,,,,1,,,,,,,,,,,
city,,Napierville,,,,,1,,,,,,,,,,,
city,,Naples,,,,,1,,,,,,,,,,,
city,,Nassau Bay,,,,,1,,,,,,,,,,,
city,,Nassjo,,,,,1,,,,,,,,,,,
city,,Natchez,,,,,1,,,,,,,,,,,
city,,Natchitoches,,,,,1,,,,,,,,,,,
city,,Natick,,,,,1,,,,,,,,,,,
city,,Neath,,,,,1,,,,,,,,,,,
city,,Neenah,,,,,1,,,,,,,,,,,
city,,Neerpelt,,,,,1,,,,,,,,,,,
city,,Neuchatel,,,,,1,,,,,,,,,,,
city,,New Delhi,,,,,1,,,,,,,,,,,
city,,New Haven,,,,,1,,,,,,,,,,,
city,,New Milford,,,,,1,,,,,,,,,,,
city,,New Tecumseth,,,,,1,,,,,,,,,,,
city,,Newcomerstown,,,,,1,,,,,,,,,,,
city,,Newnan,,,,,1,,,,,,,,,,,
city,,Newton,,,,,1,,,,,,,,,,,
city,,Nieuwegein,,,,,1,,,,,,,,,,,
city,,Nieuwkoop,,,,,1,,,,,,,,,,,
city,,Nimes,,,,,1,,,,,,,,,,,
city,,Niwot,,,,,1,,,,,,,,,,,
city,,Noblesville,,,,,1,,,,,,,,,,,
city,,Norrkoping,,,,,1,,,,,,,,,,,
city,,Norrtalje,,,,,1,,,,,,,,,,,
city,,North Adams,,,,,1,,,,,,,,,,,
city,,North Auburn,,,,,1,,,,,,,,,,,
city,,North Bend,,,,,1,,,,,,,,,,,
city,,North Brunswick Township,,,,,1,,,,,,,,,,,
city,,North Canton,,,,,1,,,,,,,,,,,
city,,North Charleston,,,,,1,,,,,,,,,,,
city,,North Fork,,,,,1,,,,,,,,,,,
city,,North Olmsted,,,,,1,,,,,,,,,,,
city,,North Port,,,,,1,,,,,,,,,,,
city,,North Reading,,,,,1,,,,,,,,,,,
city,,North Salt Lake,,,,,1,,,,,,,,,,,
city,,North Vancouver,,,,,1,,,,,,,,,,,
city,,North Wilkesboro,,,,,1,,,,,,,,,,,
city,,Northview,,,,,1,,,,,,,,,,,
city,,Norton Shores,,,,,1,,,,,,,,,,,
city,,Novato,,,,,1,,,,,,,,,,,
city,,Novi,,,,,1,,,,,,,,,,,
city,,Novokuznetsk,,,,,1,,,,,,,,,,,
city,,Novosibirsk,,,,,1,,,,,,,,,,,
city,,Nuevo,,,,,1,,,,,,,,,,,
city,,Nunn,,,,,1,,,,,,,,,,,
city,,Nuremberg,,,,,1,,,,,,,,,,,
city,,Oak Grove,,,,,1,,,,,,,,,,,
city,,Oak Park,,,,,1,,,,,,,,,,,
city,,Oak Ridge,,,,,1,,,,,,,,,,,
city,,Oakbank,,,,,1,,,,,,,,,,,
city,,Oakes,,,,,1,,,,,,,,,,,
city,,Oakton,,,,,1,,,,,,,,,,,
city,,Oakville,,,,,1,,,,,,,,,,,
city,,Ocean City,,,,,1,,,,,,,,,,,
city,,Ocean View,,,,,1,,,,,,,,,,,
city,,Odessa,,,,,1,,,,,,,,,,,
city,,Oil City,,,,,1,,,,,,,,,,,
city,,Oildale,,,,,1,,,,,,,,,,,
city,,Oistins,,,,,1,,,,,,,,,,,
city,,Olathe,,,,,1,,,,,,,,,,,
city,,Olen,,,,,1,,,,,,,,,,,
city,,Onitsha,,,,,1,,,,,,,,,,,
city,,Ooltewah,,,,,1,,,,,,,,,,,
city,,Orchidlands Estates,,,,,1,,,,,,,,,,,
city,,Orebro,,,,,1,,,,,,,,,,,
city,,Orinda,,,,,1,,,,,,,,,,,
city,,Orwigsburg,,,,,1,,,,,,,,,,,
city,,Oshkosh,,,,,1,,,,,,,,,,,
city,,Oswiecim,,,,,1,,,,,,,,,,,
city,,Otley,,,,,1,,,,,,,,,,,
city,,Ottignies-Louvain-la-Neuve,,,,,1,,,,,,,,,,,
city,,Ouderkerk aan den IJssel,,,,,1,,,,,,,,,,,
city,,Oviedo,,,,,1,,,,,,,,,,,
city,,Owensboro,,,,,1,,,,,,,,,,,
city,,Padang,,,,,1,,,,,,,,,,,
city,,Padua,,,,,1,,,,,,,,,,,
city,,Paducah,,,,,1,,,,,,,,,,,
city,,Pahokee,,,,,1,,,,,,,,,,,
city,,Palestine,,,,,1,,,,,,,,,,,
city,,Palo Cedro,,,,,1,,,,,,,,,,,
city,,Palos Verdes Estates,,,,,1,,,,,,,,,,,
city,,Pamplona,,,,,1,,,,,,,,,,,
city,,Papeete,,,,,1,,,,,,,,,,,
city,,Papendrecht,,,,,1,,,,,,,,,,,
city,,Paranavai,,,,,1,,,,,,,,,,,
city,,Pardes Hanna-Karkur,,,,,1,,,,,,,,,,,
city,,Park City,,,,,1,,,,,,,,,,,
city,,Parnu,,,,,1,,,,,,,,,,,
city,,Patrick Springs,,,,,1,,,,,,,,,,,
city,,Pauls Valley,,,,,1,,,,,,,,,,,
city,,Pavlovsky Posad,,,,,1,,,,,,,,,,,
city,,Payallar,,,,,1,,,,,,,,,,,
city,,Peer,,,,,1,,,,,,,,,,,
city,,Pekin,,,,,1,,,,,,,,,,,
city,,Pennsauken Township,,,,,1,,,,,,,,,,,
city,,Penticton,,,,,1,,,,,,,,,,,
city,,Penza,,,,,1,,,,,,,,,,,
city,,Peosta,,,,,1,,,,,,,,,,,
city,,Perm,,,,,1,,,,,,,,,,,
city,,Perpignan,,,,,1,,,,,,,,,,,
city,,Petersburg,,,,,1,,,,,,,,,,,
city,,Pfarrwerfen,,,,,1,,,,,,,,,,,
city,,Phelps,,,,,1,,,,,,,,,,,
city,,Phenix City,,,,,1,,,,,,,,,,,
city,,Phnom Penh,,,,,1,,,,,,,,,,,
city,,Piedmont,,,,,1,,,,,,,,,,,
city,,Pike Creek,,,,,1,,,,,,,,,,,
city,,Pikeville,,,,,1,,,,,,,,,,,
city,,Placid Lakes,,,,,1,,,,,,,,,,,
city,,Plainville,,,,,1,,,,,,,,,,,
city,,Plovdiv,,,,,1,,,,,,,,,,,
city,,Plymouth,,,,,1,,,,,,,,,,,
city,,Point Pleasant,,,,,1,,,,,,,,,,,
city,,Polevskoy,,,,,1,,,,,,,,,,,
city,,Ponta Grossa,,,,,1,,,,,,,,,,,
city,,Pooler,,,,,1,,,,,,,,,,,
city,,Poquoson,,,,,1,,,,,,,,,,,
city,,Port Elgin,,,,,1,,,,,,,,,,,
city,,Port Harcourt,,,,,1,,,,,,,,,,,
city,,Port Neches,,,,,1,,,,,,,,,,,
city,,Port Orange,,,,,1,,,,,,,,,,,
city,,Porterville,,,,,1,,,,,,,,,,,
city,,Porto,,,,,1,,,,,,,,,,,
city,,Post Falls,,,,,1,,,,,,,,,,,
city,,Potenza,,,,,1,,,,,,,,,,,
city,,Potsdam,,,,,1,,,,,,,,,,,
city,,Poway,,,,,1,,,,,,,,,,,
city,,Powder Springs,,,,,1,,,,,,,,,,,
city,,Prato,,,,,1,,,,,,,,,,,
city,,Prescott,,,,,1,,,,,,,,,,,
city,,Presidente Prudente,,,,,1,,,,,,,,,,,
city,,Preston,,,,,1,,,,,,,,,,,
city,,Prestonsburg,,,,,1,,,,,,,,,,,
city,,Pretoria,,,,,1,,,,,,,,,,,
city,,Prince Albert,,,,,1,,,,,,,,,,,
city,,Princeton,,,,,1,,,,,,,,,,,
city,,Pristina,,,,,1,,,,,,,,,,,
city,,Prosper,,,,,1,,,,,,,,,,,
city,,Ptuj,,,,,1,,,,,,,,,,,
city,,Puebla,,,,,1,,,,,,,,,,,
city,,Puerto Vallarta,,,,,1,,,,,,,,,,,
city,,Pulaski,,,,,1,,,,,,,,,,,
city,,Pungging,,,,,1,,,,,,,,,,,
city,,Punxsutawney,,,,,1,,,,,,,,,,,
city,,Putte,,,,,1,,,,,,,,,,,
city,,Pyeongtaek-si,,,,,1,,,,,,,,,,,
city,,Quebec City,,,,,1,,,,,,,,,,,
city,,Queen Creek,,,,,1,,,,,,,,,,,
city,,Queluz,,,,,1,,,,,,,,,,,
city,,Questembert,,,,,1,,,,,,,,,,,
city,,Quickborn,,,,,1,,,,,,,,,,,
city,,Quincy,,,,,1,,,,,,,,,,,
city,,Quinte West,,,,,1,,,,,,,,,,,
city,,Quispamsis,,,,,1,,,,,,,,,,,
city,,Rabat,,,,,1,,,,,,,,,,,
city,,Rahat,,,,,1,,,,,,,,,,,
city,,Ramat Gan,,,,,1,,,,,,,,,,,
city,,Rancho Cordova,,,,,1,,,,,,,,,,,
city,,Randers,,,,,1,,,,,,,,,,,
city,,Randolph,,,,,1,,,,,,,,,,,
city,,Ravenna,,,,,1,,,,,,,,,,,
city,,Reading,,,,,1,,,,,,,,,,,
city,,Red Hill,,,,,1,,,,,,,,,,,
city,,Redcar,,,,,1,,,,,,,,,,,
city,,Redding,,,,,1,,,,,,,,,,,
city,,Redfield,,,,,1,,,,,,,,,,,
city,,Renfrew,,,,,1,,,,,,,,,,,
city,,Reno,,,,,1,,,,,,,,,,,
city,,Reutov,,,,,1,,,,,,,,,,,
city,,Revere,,,,,1,,,,,,,,,,,
city,,Rexburg,,,,,1,,,,,,,,,,,
city,,Reynolds,,,,,1,,,,,,,,,,,
city,,Reynosa,,,,,1,,,,,,,,,,,
city,,Richland,,,,,1,,,,,,,,,,,
city,,Richlands,,,,,1,,,,,,,,,,,
city,,Richmond Hill,,,,,1,,,,,,,,,,,
city,,Ridgecrest,,,,,1,,,,,,,,,,,
city,,Riffa,,,,,1,,,,,,,,,,,
city,,Rifle,,,,,1,,,,,,,,,,,
city,,Riga,,,,,1,,,,,,,,,,,
city,,Rijen,,,,,1,,,,,,,,,,,
city,,Rimbey,,,,,1,,,,,,,,,,,
city,,Rincon,,,,,1,,,,,,,,,,,
city,,Rio Communities,,,,,1,,,,,,,,,,,
city,,Riviera Beach,,,,,1,,,,,,,,,,,
city,,Riviere-du-Loup,,,,,1,,,,,,,,,,,
city,,Roche-la-Moliere,,,,,1,,,,,,,,,,,
city,,Rochester Hills,,,,,1,,,,,,,,,,,
city,,Rock Springs,,,,,1,,,,,,,,,,,
city,,Rockhampton,,,,,1,,,,,,,,,,,
city,,Rockville,,,,,1,,,,,,,,,,,
city,,Rockwall,,,,,1,,,,,,,,,,,
city,,Rockwell,,,,,1,,,,,,,,,,,
city,,Roeselare,,,,,1,,,,,,,,,,,
city,,Rogers,,,,,1,,,,,,,,,,,
city,,Rohnert Park,,,,,1,,,,,,,,,,,
city,,Rome,,,,,1,,,,,,,,,,,
city,,Romeo,,,,,1,,,,,,,,,,,
city,,Romulus,,,,,1,,,,,,,,,,,
city,,Ronda,,,,,1,,,,,,,,,,,
city,,Roosendaal,,,,,1,,,,,,,,,,,
city,,Roseburg,,,,,1,,,,,,,,,,,
city,,Rosedale,,,,,1,,,,,,,,,,,
city,,Roseville,,,,,1,,,,,,,,,,,
city,,Rostov-on-Don,,,,,1,,,,,,,,,,,
city,,Rotselaar,,,,,1,,,,,,,,,,,
city,,Round Rock,,,,,1,,,,,,,,,,,
city,,Royal Oak,,,,,1,,,,,,,,,,,
city,,Royal Palm Beach,,,,,1,,,,,,,,,,,
city,,Ruabon,,,,,1,,,,,,,,,,,
city,,Runaway Bay,,,,,1,,,,,,,,,,,
city,,Ruston,,,,,1,,,,,,,,,,,
city,,Saint Leon,,,,,1,,,,,,,,,,,
city,,Saint Martinville,,,,,1,,,,,,,,,,,
city,,Saint Michael,,,,,1,,,,,,,,,,,
city,,Saint Peter,,,,,1,,,,,,,,,,,
city,,Saint-Hippolyte,,,,,1,,,,,,,,,,,
city,,Saint-Leu-la-Foret,,,,,1,,,,,,,,,,,
city,,Saint-Remy-de-Provence,,,,,1,,,,,,,,,,,
city,,Sainte-Maxime,,,,,1,,,,,,,,,,,
city,,Sakarya,,,,,1,,,,,,,,,,,
city,,Salaberry-de-Valleyfield,,,,,1,,,,,,,,,,,
city,,Salamanca,,,,,1,,,,,,,,,,,
city,,Sale,,,,,1,,,,,,,,,,,
city,,Salina,,,,,1,,,,,,,,,,,
city,,Saltillo,,,,,1,,,,,,,,,,,
city,,Samara,,,,,1,,,,,,,,,,,
city,,San Clemente,,,,,1,,,,,,,,,,,
city,,San Jacinto,,,,,1,,,,,,,,,,,
city,,San Jose del Cabo,,,,,1,,,,,,,,,,,
city,,San Juan,,,,,1,,,,,,,,,,,
city,,San Marcos,,,,,1,,,,,,,,,,,
city,,Sandakan,,,,,1,,,,,,,,,,,
city,,Sandston,,,,,1,,,,,,,,,,,
city,,Sandton,,,,,1,,,,,,,,,,,
city,,Sandy Springs,,,,,1,,,,,,,,,,,
city,,Sanford,,,,,1,,,,,,,,,,,
city,,Sanlucar de Barrameda,,,,,1,,,,,,,,,,,
city,,Sant'Antioco,,,,,1,,,,,,,,,,,
city,,Santa Ana,,,,,1,,,,,,,,,,,
city,,Santa Clara,,,,,1,,,,,,,,,,,
city,,Santa Ynez,,,,,1,,,,,,,,,,,
city,,Santiago,,,,,1,,,,,,,,,,,
city,,Santiago de Queretaro,,,,,1,,,,,,,,,,,
city,,Sao Francisco do Sul,,,,,1,,,,,,,,,,,
city,,Sarasota,,,,,1,,,,,,,,,,,
city,,Sarver,,,,,1,,,,,,,,,,,
city,,Sault Ste. Marie,,,,,1,,,,,,,,,,,
city,,Saundersfoot,,,,,1,,,,,,,,,,,
city,,Scarborough,,,,,1,,,,,,,,,,,
city,,Schafisheim,,,,,1,,,,,,,,,,,
city,,Schladming,,,,,1,,,,,,,,,,,
city,,Schurz,,,,,1,,,,,,,,,,,
city,,Seabrook Island,,,,,1,,,,,,,,,,,
city,,Seguin,,,,,1,,,,,,,,,,,
city,,Selkirk,,,,,1,,,,,,,,,,,
city,,Sens,,,,,1,,,,,,,,,,,
city,,Seoul,,,,,1,,,,,,,,,,,
city,,Setauket- East Setauket,,,,,1,,,,,,,,,,,
city,,Severn,,,,,1,,,,,,,,,,,
city,,Seward,,,,,1,,,,,,,,,,,
city,,Seymour,,,,,1,,,,,,,,,,,
city,,Shah Alam,,,,,1,,,,,,,,,,,
city,,Shamong,,,,,1,,,,,,,,,,,
city,,Shanghai,,,,,1,,,,,,,,,,,
city,,Shelbyville,,,,,1,,,,,,,,,,,
city,,Shepton Mallet,,,,,1,,,,,,,,,,,
city,,Sheridan,,,,,1,,,,,,,,,,,
city,,Sherman,,,,,1,,,,,,,,,,,
city,,Shibuya,,,,,1,,,,,,,,,,,
city,,Shimla,,,,,1,,,,,,,,,,,
city,,Shippensburg,,,,,1,,,,,,,,,,,
city,,Shreveport,,,,,1,,,,,,,,,,,
city,,Side,,,,,1,,,,,,,,,,,
city,,Sidoarjo,,,,,1,,,,,,,,,,,
city,,Siliguri,,,,,1,,,,,,,,,,,
city,,Silver Lake,,,,,1,,,,,,,,,,,
city,,Sioux Falls,,,,,1,,,,,,,,,,,
city,,Sitra,,,,,1,,,,,,,,,,,
city,,Skagway,,,,,1,,,,,,,,,,,
city,,Skipton,,,,,1,,,,,,,,,,,
city,,Skopje,,,,,1,,,,,,,,,,,
city,,Skorping,,,,,1,,,,,,,,,,,
city,,Skovde,,,,,1,,,,,,,,,,,
city,,Skowhegan,,,,,1,,,,,,,,,,,
city,,Sky Lake,,,,,1,,,,,,,,,,,
city,,Slaughter,,,,,1,,,,,,,,,,,
city,,Slidell,,,,,1,,,,,,,,,,,
city,,Slippery Rock,,,,,1,,,,,,,,,,,
city,,Smiths Falls,,,,,1,,,,,,,,,,,
city,,Snellville,,,,,1,,,,,,,,,,,
city,,Sochi,,,,,1,,,,,,,,,,,
city,,Soest,,,,,1,,,,,,,,,,,
city,,Solihull,,,,,1,,,,,,,,,,,
city,,Sollentuna,,,,,1,,,,,,,,,,,
city,,Sonipat,,,,,1,,,,,,,,,,,
city,,Sopron,,,,,1,,,,,,,,,,,
city,,South Benfleet,,,,,1,,,,,,,,,,,
city,,South Bradenton,,,,,1,,,,,,,,,,,
city,,South Brunswick Township,,,,,1,,,,,,,,,,,
city,,South Gull Lake,,,,,1,,,,,,,,,,,
city,,South Hill,,,,,1,,,,,,,,,,,
city,,South Jordan,,,,,1,,,,,,,,,,,
city,,South Park Township,,,,,1,,,,,,,,,,,
city,,Southampton,,,,,1,,,,,,,,,,,
city,,Southaven,,,,,1,,,,,,,,,,,
city,,Southend-on-Sea,,,,,1,,,,,,,,,,,
city,,Southern Pines,,,,,1,,,,,,,,,,,
city,,Sowerby Bridge,,,,,1,,,,,,,,,,,
city,,Spanaway,,,,,1,,,,,,,,,,,
city,,Spanish Fork,,,,,1,,,,,,,,,,,
city,,Spanish Fort,,,,,1,,,,,,,,,,,
city,,Sparta,,,,,1,,,,,,,,,,,
city,,Spearfish,,,,,1,,,,,,,,,,,
city,,Spencer,,,,,1,,,,,,,,,,,
city,,Spring Hill,,,,,1,,,,,,,,,,,
city,,Spring Valley,,,,,1,,,,,,,,,,,
city,,Squamish,,,,,1,,,,,,,,,,,
city,,St. Clair Shores,,,,,1,,,,,,,,,,,
city,,Stanfield,,,,,1,,,,,,,,,,,
city,,Stanton,,,,,1,,,,,,,,,,,
city,,Starkville,,,,,1,,,,,,,,,,,
city,,State College,,,,,1,,,,,,,,,,,
city,,Statesville,,,,,1,,,,,,,,,,,
city,,Staunton,,,,,1,,,,,,,,,,,
city,,Stavropol,,,,,1,,,,,,,,,,,
city,,Steenderen,,,,,1,,,,,,,,,,,
city,,Steenwijk,,,,,1,,,,,,,,,,,
city,,Stephenville,,,,,1,,,,,,,,,,,
city,,Stettler,,,,,1,,,,,,,,,,,
city,,Stiens,,,,,1,,,,,,,,,,,
city,,Stokesdale,,,,,1,,,,,,,,,,,
city,,Stourbridge,,,,,1,,,,,,,,,,,
city,,Strasbourg,,,,,1,,,,,,,,,,,
city,,Stratford,,,,,1,,,,,,,,,,,
city,,Stratford-upon-Avon,,,,,1,,,,,,,,,,,
city,,Streetsboro,,,,,1,,,,,,,,,,,
city,,Sturgis,,,,,1,,,,,,,,,,,
city,,Stuttgart,,,,,1,,,,,,,,,,,
city,,Suffolk,,,,,1,,,,,,,,,,,
city,,Sugar Hill,,,,,1,,,,,,,,,,,
city,,Summersville,,,,,1,,,,,,,,,,,
city,,Sun Prairie,,,,,1,,,,,,,,,,,
city,,Surabaya,,,,,1,,,,,,,,,,,
city,,Sussex,,,,,1,,,,,,,,,,,
city,,Sutton,,,,,1,,,,,,,,,,,
city,,Swainsboro,,,,,1,,,,,,,,,,,
city,,Swansboro,,,,,1,,,,,,,,,,,
city,,Swiftwater,,,,,1,,,,,,,,,,,
city,,Syracuse,,,,,1,,,,,,,,,,,
city,,Tabernacle,,,,,1,,,,,,,,,,,
city,,Tabriz,,,,,1,,,,,,,,,,,
city,,Tabuk,,,,,1,,,,,,,,,,,
city,,Tacoma,,,,,1,,,,,,,,,,,
city,,Tallahassee,,,,,1,,,,,,,,,,,
city,,Tallinn,,,,,1,,,,,,,,,,,
city,,Tangerang,,,,,1,,,,,,,,,,,
city,,Tangier,,,,,1,,,,,,,,,,,
city,,Tanza,,,,,1,,,,,,,,,,,
city,,Tatabanya,,,,,1,,,,,,,,,,,
city,,Taylor,,,,,1,,,,,,,,,,,
city,,Tazewell,,,,,1,,,,,,,,,,,
city,,Tehachapi,,,,,1,,,,,,,,,,,
city,,Temecula,,,,,1,,,,,,,,,,,
city,,Tenafly,,,,,1,,,,,,,,,,,
city,,Ter Aar,,,,,1,,,,,,,,,,,
city,,Texarkana,,,,,1,,,,,,,,,,,
city,,Texas City,,,,,1,,,,,,,,,,,
city,,The Crossings,,,,,1,,,,,,,,,,,
city,,The Villages,,,,,1,,,,,,,,,,,
city,,Thessaloniki,,,,,1,,,,,,,,,,,
city,,Thompson's Station,,,,,1,,,,,,,,,,,
city,,Three Rivers,,,,,1,,,,,,,,,,,
city,,Tijuana,,,,,1,,,,,,,,,,,
city,,Timberwood Park,,,,,1,,,,,,,,,,,
city,,Timmins,,,,,1,,,,,,,,,,,
city,,Tirana,,,,,1,,,,,,,,,,,
city,,Toano,,,,,1,,,,,,,,,,,
city,,Tomsk,,,,,1,,,,,,,,,,,
city,,Toowoomba,,,,,1,,,,,,,,,,,
city,,Torrance,,,,,1,,,,,,,,,,,
city,,Torrejon de Ardoz,,,,,1,,,,,,,,,,,
city,,Torrington,,,,,1,,,,,,,,,,,
city,,Toulouse,,,,,1,,,,,,,,,,,
city,,Tracadie-Sheila,,,,,1,,,,,,,,,,,
city,,Tracy,,,,,1,,,,,,,,,,,
city,,Traunstein,,,,,1,,,,,,,,,,,
city,,Traverse City,,,,,1,,,,,,,,,,,
city,,Trenton,,,,,1,,,,,,,,,,,
city,,Trieste,,,,,1,,,,,,,,,,,
city,,Trumbull,,,,,1,,,,,,,,,,,
city,,Tuapse,,,,,1,,,,,,,,,,,
city,,Tucson,,,,,1,,,,,,,,,,,
city,,Tuscaloosa,,,,,1,,,,,,,,,,,
city,,Twinsburg,,,,,1,,,,,,,,,,,
city,,Two Rivers,,,,,1,,,,,,,,,,,
city,,Uddevalla,,,,,1,,,,,,,,,,,
city,,Ugento,,,,,1,,,,,,,,,,,
city,,Ulan-Ude,,,,,1,,,,,,,,,,,
city,,Union City,,,,,1,,,,,,,,,,,
city,,Uniondale,,,,,1,,,,,,,,,,,
city,,Uruacu,,,,,1,,,,,,,,,,,
city,,Utrecht,,,,,1,,,,,,,,,,,
city,,Uxbridge,,,,,1,,,,,,,,,,,
city,,Vacaville,,,,,1,,,,,,,,,,,
city,,Valencia,,,,,1,,,,,,,,,,,
city,,Valle de Santiago,,,,,1,,,,,,,,,,,
city,,Valley Cottage,,,,,1,,,,,,,,,,,
city,,Vanersborg,,,,,1,,,,,,,,,,,
city,,Varnell,,,,,1,,,,,,,,,,,
city,,Venetian Village,,,,,1,,,,,,,,,,,
city,,Ventura,,,,,1,,,,,,,,,,,
city,,Verona,,,,,1,,,,,,,,,,,
city,,Vicksburg,,,,,1,,,,,,,,,,,
city,,Victor Harbor - Goolwa,,,,,1,,,,,,,,,,,
city,,Victoria,,,,,1,,,,,,,,,,,
city,,Villalba,,,,,1,,,,,,,,,,,
city,,Vinkeveen,,,,,1,,,,,,,,,,,
city,,Vlissingen,,,,,1,,,,,,,,,,,
city,,Vollenhove,,,,,1,,,,,,,,,,,
city,,Vorden,,,,,1,,,,,,,,,,,
city,,Wabasha,,,,,1,,,,,,,,,,,
city,,Waggaman,,,,,1,,,,,,,,,,,
city,,Wake Forest,,,,,1,,,,,,,,,,,
city,,Walkertown,,,,,1,,,,,,,,,,,
city,,Warragul,,,,,1,,,,,,,,,,,
city,,Warsaw,,,,,1,,,,,,,,,,,
city,,Waseca,,,,,1,,,,,,,,,,,
city,,Water Valley,,,,,1,,,,,,,,,,,
city,,Waterford,,,,,1,,,,,,,,,,,
city,,Waukegan,,,,,1,,,,,,,,,,,
city,,Waxahachie,,,,,1,,,,,,,,,,,
city,,Wayland,,,,,1,,,,,,,,,,,
city,,Wayne,,,,,1,,,,,,,,,,,
city,,Weatherford,,,,,1,,,,,,,,,,,
city,,Weldon,,,,,1,,,,,,,,,,,
city,,Wels,,,,,1,,,,,,,,,,,
city,,Wesley Chapel,,,,,1,,,,,,,,,,,
city,,West Hartford,,,,,1,,,,,,,,,,,
city,,West Haven,,,,,1,,,,,,,,,,,
city,,West Liberty,,,,,1,,,,,,,,,,,
city,,West Melbourne,,,,,1,,,,,,,,,,,
city,,West Point,,,,,1,,,,,,,,,,,
city,,Westborough,,,,,1,,,,,,,,,,,
city,,Western Springs,,,,,1,,,,,,,,,,,
city,,Westford,,,,,1,,,,,,,,,,,
city,,Westlock,,,,,1,,,,,,,,,,,
city,,Westminster,,,,,1,,,,,,,,,,,
city,,Weston-super-Mare,,,,,1,,,,,,,,,,,
city,,Wettingen,,,,,1,,,,,,,,,,,
city,,Whangaparaoa,,,,,1,,,,,,,,,,,
city,,Wheeling,,,,,1,,,,,,,,,,,
city,,Whitchurch-Stouffville,,,,,1,,,,,,,,,,,
city,,Whitehall,,,,,1,,,,,,,,,,,
city,,Whitfield,,,,,1,,,,,,,,,,,
city,,Wichita,,,,,1,,,,,,,,,,,
city,,Wiggins,,,,,1,,,,,,,,,,,
city,,Wilhelmshaven,,,,,1,,,,,,,,,,,
city,,Williamston,,,,,1,,,,,,,,,,,
city,,Willoughby,,,,,1,,,,,,,,,,,
city,,Willow Park,,,,,1,,,,,,,,,,,
city,,Wilton,,,,,1,,,,,,,,,,,
city,,Winchester,,,,,1,,,,,,,,,,,
city,,Wind Gap,,,,,1,,,,,,,,,,,
city,,Winnemucca,,,,,1,,,,,,,,,,,
city,,Winnipeg,,,,,1,,,,,,,,,,,
city,,Winslow Township,,,,,1,,,,,,,,,,,
city,,Winter Beach,,,,,1,,,,,,,,,,,
city,,Wisbech,,,,,1,,,,,,,,,,,
city,,Wisconsin Dells,,,,,1,,,,,,,,,,,
city,,Wittlich-Land,,,,,1,,,,,,,,,,,
city,,Woerden,,,,,1,,,,,,,,,,,
city,,Wolf Trap,,,,,1,,,,,,,,,,,
city,,Woluwe-Saint-Pierre,,,,,1,,,,,,,,,,,
city,,Wolverhampton,,,,,1,,,,,,,,,,,
city,,Woodbridge Township,,,,,1,,,,,,,,,,,
city,,Woodmere,,,,,1,,,,,,,,,,,
city,,Woodmoor,,,,,1,,,,,,,,,,,
city,,Woodstock,,,,,1,,,,,,,,,,,
city,,Worcester,,,,,1,,,,,,,,,,,
city,,Wroclaw,,,,,1,,,,,,,,,,,
city,,Wyandanch,,,,,1,,,,,,,,,,,
city,,Wynne,,,,,1,,,,,,,,,,,
city,,Xiamen,,,,,1,,,,,,,,,,,
city,,Yaizu,,,,,1,,,,,,,,,,,
city,,Yakutsk,,,,,1,,,,,,,,,,,
city,,Yangon,,,,,1,,,,,,,,,,,
city,,Yankton,,,,,1,,,,,,,,,,,
city,,Yeovil,,,,,1,,,,,,,,,,,
city,,Yokohama,,,,,1,,,,,,,,,,,
city,,Yorba Linda,,,,,1,,,,,,,,,,,
city,,York,,,,,1,,,,,,,,,,,
city,,Yosano,,,,,1,,,,,,,,,,,
city,,Young,,,,,1,,,,,,,,,,,
city,,Youngsville,,,,,1,,,,,,,,,,,
city,,Yuriria,,,,,1,,,,,,,,,,,
city,,Yuzhno-Sakhalinsk,,,,,1,,,,,,,,,,,
city,,Zachary,,,,,1,,,,,,,,,,,
city,,Zanesville,,,,,1,,,,,,,,,,,
city,,Zaragoza,,,,,1,,,,,,,,,,,
city,,Zeeland,,,,,1,,,,,,,,,,,
city,,Zutphen,,,,,1,,,,,,,,,,,
platform,,,iOS,,,,,,,,,,,,,,10106,
traffic_source,,,,,first_user_and_session_source,(direct) / (none),1825,,,,,,,,,,,8610
audience,,,,All Users,,,1825,,,,,,,,,,,
audience,,,,Purchasers,,,16,,,,,,,,,,,
